"city","latitude","longitude","time","temperature_2m","relative_humidity_2m","precipitation","wind_speed_10m","wind_direction_10m","pressure_msl","cloud_cover","pm10","pm2_5","carbon_monoxide","nitrogen_dioxide","sulphur_dioxide","ozone","us_aqi"
"Karachi","24.8607","67.0011","2026-03-08T00:00","23.1","96","0.00","5.8","268","1012.8","25","51.9","34.0","756.0","38.4","13.6","55.0","95"
"Karachi","24.8607","67.0011","2026-03-08T01:00","22.8","98","0.00","4.9","278","1012.3","100","55.3","35.9","683.0","36.1","13.4","57.0","96"
"Karachi","24.8607","67.0011","2026-03-08T02:00","22.5","99","0.00","4.5","286","1011.9","100","58.4","37.7","596.0","32.8","12.8","59.0","97"
"Karachi","24.8607","67.0011","2026-03-08T03:00","22.4","99","0.00","4.5","299","1011.6","100","60.8","39.2","474.0","26.2","11.3","62.0","98"
"Karachi","24.8607","67.0011","2026-03-08T04:00","22.1","99","0.00","4.6","309","1011.1","100","60.1","39.2","337.0","18.6","9.4","64.0","99"
"Karachi","24.8607","67.0011","2026-03-08T05:00","21.4","99","0.00","2.9","313","1011.3","100","57.4","38.8","273.0","15.4","8.2","65.0","101"
"Karachi","24.8607","67.0011","2026-03-08T06:00","21.2","99","0.00","2.1","290","1011.6","100","60.5","42.0","348.0","26.8","9.4","50.0","103"
"Karachi","24.8607","67.0011","2026-03-08T07:00","21.1","99","0.00","2.0","265","1012.2","100","67.1","48.3","496.0","41.9","11.2","30.0","104"
"Karachi","24.8607","67.0011","2026-03-08T08:00","21.4","98","0.00","2.8","281","1013.1","100","68.9","54.2","604.0","49.5","13.9","28.0","107"
"Karachi","24.8607","67.0011","2026-03-08T09:00","22.5","89","0.00","4.3","272","1013.8","92","57.6","39.6","627.0","42.3","18.4","59.0","109"
"Karachi","24.8607","67.0011","2026-03-08T10:00","24.8","76","0.00","3.6","225","1014.2","3","58.8","32.5","611.0","27.6","23.8","106.0","109"
"Karachi","24.8607","67.0011","2026-03-08T11:00","26.4","70","0.00","6.5","194","1014.4","3","65.4","33.8","573.0","15.6","27.2","144.0","109"
"Karachi","24.8607","67.0011","2026-03-08T12:00","27.5","65","0.00","8.8","200","1014.0","1","72.2","34.6","503.0","10.3","27.1","163.0","109"
"Karachi","24.8607","67.0011","2026-03-08T13:00","28.0","64","0.00","9.8","210","1013.1","0","71.2","33.5","412.0","7.7","25.0","172.0","108"
"Karachi","24.8607","67.0011","2026-03-08T14:00","28.6","59","0.00","10.3","220","1012.2","0","66.1","30.9","353.0","6.9","22.9","174.0","107"
"Karachi","24.8607","67.0011","2026-03-08T15:00","28.6","58","0.00","11.1","223","1011.5","0","63.6","28.8","355.0","7.0","21.3","167.0","105"
"Karachi","24.8607","67.0011","2026-03-08T16:00","28.1","59","0.00","11.1","227","1011.1","0","63.1","27.8","390.0","8.9","19.7","152.0","104"
"Karachi","24.8607","67.0011","2026-03-08T17:00","27.1","63","0.00","9.6","230","1011.2","0","58.4","26.1","427.0","14.3","18.9","135.0","108"
"Karachi","24.8607","67.0011","2026-03-08T18:00","25.7","75","0.00","8.6","234","1011.7","0","56.9","26.5","449.0","25.1","18.0","112.0","125"
"Karachi","24.8607","67.0011","2026-03-08T19:00","24.4","86","0.00","7.9","243","1012.4","2","51.1","29.5","472.0","40.1","16.7","80.0","126"
"Karachi","24.8607","67.0011","2026-03-08T20:00","23.8","91","0.00","6.9","256","1013.0","14","52.0","31.7","515.0","52.1","16.0","55.0","112"
"Karachi","24.8607","67.0011","2026-03-08T21:00","23.5","92","0.00","6.5","265","1013.7","23","53.0","33.3","609.0","58.5","16.5","42.0","99"
"Karachi","24.8607","67.0011","2026-03-08T22:00","23.1","93","0.00","5.6","274","1013.7","3","54.5","34.9","724.0","62.0","17.5","35.0","99"
"Karachi","24.8607","67.0011","2026-03-08T23:00","22.5","98","0.00","4.8","301","1013.8","98","59.3","38.5","780.0","62.9","18.0","31.0","99"
"Karachi","24.8607","67.0011","2026-03-09T00:00","22.4","98","0.00","4.3","315","1014.0","100","66.4","42.6","735.0","61.2","17.6","30.0","100"
"Karachi","24.8607","67.0011","2026-03-09T01:00","22.1","97","0.00","4.6","315","1013.5","100","69.8","43.7","631.0","56.9","16.8","31.0","101"
"Karachi","24.8607","67.0011","2026-03-09T02:00","21.8","99","0.00","5.2","326","1012.9","100","69.8","41.7","525.0","50.8","15.6","34.0","102"
"Karachi","24.8607","67.0011","2026-03-09T03:00","21.6","99","0.00","6.1","330","1012.4","100","70.5","40.4","396.0","40.6","13.7","39.0","102"
"Karachi","24.8607","67.0011","2026-03-09T04:00","21.5","99","0.00","6.3","333","1012.3","100","69.2","38.5","265.0","28.4","11.6","45.0","102"
"Karachi","24.8607","67.0011","2026-03-09T05:00","21.3","99","0.00","6.6","334","1012.3","100","73.3","39.6","242.0","26.1","11.8","45.0","102"
"Karachi","24.8607","67.0011","2026-03-09T06:00","21.4","97","0.00","5.2","335","1012.8","76","75.9","41.4","444.0","32.9","13.2","34.0","102"
"Karachi","24.8607","67.0011","2026-03-09T07:00","21.1","98","0.00","3.7","325","1013.0","45","83.6","46.9","755.0","41.8","15.3","20.0","102"
"Karachi","24.8607","67.0011","2026-03-09T08:00","21.5","95","0.00","3.3","319","1013.6","49","84.8","54.7","942.0","45.5","17.9","20.0","102"
"Karachi","24.8607","67.0011","2026-03-09T09:00","23.2","82","0.00","3.9","307","1014.2","3","74.3","41.2","880.0","38.9","21.4","46.0","102"
"Karachi","24.8607","67.0011","2026-03-09T10:00","25.8","66","0.00","4.2","288","1014.4","0","82.4","33.9","696.0","27.1","25.4","86.0","102"
"Karachi","24.8607","67.0011","2026-03-09T11:00","28.5","52","0.00","6.0","261","1014.5","0","84.3","32.9","531.0","17.2","28.0","119.0","102"
"Karachi","24.8607","67.0011","2026-03-09T12:00","30.5","42","0.00","7.3","250","1014.2","0","75.7","31.3","428.0","11.6","28.5","138.0","102"
"Karachi","24.8607","67.0011","2026-03-09T13:00","31.6","37","0.00","9.7","243","1013.5","0","64.7","29.6","345.0","8.0","27.7","149.0","102"
"Karachi","24.8607","67.0011","2026-03-09T14:00","31.9","34","0.00","11.3","241","1012.6","0","56.5","27.8","304.0","6.6","26.4","153.0","102"
"Karachi","24.8607","67.0011","2026-03-09T15:00","31.6","34","0.00","11.4","242","1012.1","0","51.1","26.1","325.0","7.0","24.8","148.0","101"
"Karachi","24.8607","67.0011","2026-03-09T16:00","31.0","36","0.00","10.9","237","1011.8","0","50.6","26.0","389.0","9.6","22.7","135.0","101"
"Karachi","24.8607","67.0011","2026-03-09T17:00","30.0","42","0.00","9.6","232","1011.3","0","48.2","26.5","459.0","16.2","21.5","119.0","101"
"Karachi","24.8607","67.0011","2026-03-09T18:00","28.0","55","0.00","8.3","236","1011.9","0","48.8","27.8","539.0","29.3","20.3","94.0","101"
"Karachi","24.8607","67.0011","2026-03-09T19:00","25.8","70","0.00","6.9","242","1012.4","0","49.2","30.6","626.0","47.4","18.6","60.0","101"
"Karachi","24.8607","67.0011","2026-03-09T20:00","24.6","81","0.00","6.2","253","1012.9","0","51.2","31.5","676.0","61.1","17.4","34.0","101"
"Karachi","24.8607","67.0011","2026-03-09T21:00","24.1","86","0.00","5.3","252","1013.5","0","53.1","32.8","669.0","67.2","17.2","22.0","101"
"Karachi","24.8607","67.0011","2026-03-09T22:00","23.7","89","0.00","5.8","266","1013.9","0","54.2","34.2","623.0","69.0","17.4","17.0","101"
"Karachi","24.8607","67.0011","2026-03-09T23:00","23.2","94","0.00","7.0","296","1014.2","3","54.7","34.7","554.0","66.8","17.1","17.0","101"
"Karachi","24.8607","67.0011","2026-03-10T00:00","22.7","97","0.00","7.7","307","1014.2","59","56.0","34.1","445.0","59.2","15.5","22.0","100"
"Karachi","24.8607","67.0011","2026-03-10T01:00","22.4","98","0.00","7.2","309","1014.1","98","53.7","31.2","311.0","47.8","13.4","31.0","100"
"Karachi","24.8607","67.0011","2026-03-10T02:00","22.1","98","0.00","7.3","314","1013.6","100","50.2","27.8","213.0","37.4","11.6","39.0","99"
"Karachi","24.8607","67.0011","2026-03-10T03:00","22.0","99","0.00","7.1","319","1013.4","100","48.5","25.1","168.0","28.8","10.4","44.0","97"
"Karachi","24.8607","67.0011","2026-03-10T04:00","21.8","98","0.00","8.6","319","1013.7","100","48.0","23.2","159.0","21.3","9.5","48.0","96"
"Karachi","24.8607","67.0011","2026-03-10T05:00","22.0","98","0.00","8.4","317","1013.7","100","52.2","23.7","197.0","17.8","9.2","48.0","95"
"Karachi","24.8607","67.0011","2026-03-10T06:00","21.6","99","0.00","5.9","325","1014.3","100","55.3","25.1","325.0","23.9","10.2","40.0","93"
"Karachi","24.8607","67.0011","2026-03-10T07:00","21.5","99","0.00","5.5","333","1014.7","100","63.3","30.2","500.0","32.0","11.7","30.0","92"
"Karachi","24.8607","67.0011","2026-03-10T08:00","21.7","98","0.00","5.4","326","1015.2","100","66.4","35.2","602.0","35.7","13.8","30.0","90"
"Karachi","24.8607","67.0011","2026-03-10T09:00","22.8","90","0.00","5.9","315","1015.9","29","68.0","32.6","560.0","30.9","17.2","50.0","89"
"Karachi","24.8607","67.0011","2026-03-10T10:00","26.0","68","0.00","6.3","307","1016.4","2","71.5","28.9","444.0","21.6","21.3","81.0","88"
"Karachi","24.8607","67.0011","2026-03-10T11:00","29.2","48","0.00","8.3","286","1016.3","0","60.1","25.9","347.0","13.9","23.7","106.0","87"
"Karachi","24.8607","67.0011","2026-03-10T12:00","31.2","35","0.00","10.7","278","1015.8","0","47.6","22.6","298.0","9.6","23.2","121.0","87"
"Karachi","24.8607","67.0011","2026-03-10T13:00","32.3","24","0.00","12.3","267","1015.1","0","38.5","20.1","268.0","6.7","21.1","132.0","86"
"Karachi","24.8607","67.0011","2026-03-10T14:00","32.6","19","0.00","12.6","253","1014.3","0","32.6","18.6","261.0","5.5","19.4","136.0","85"
"Karachi","24.8607","67.0011","2026-03-10T15:00","32.0","21","0.00","13.1","247","1013.7","0","29.2","17.5","275.0","5.1","18.9","134.0","84"
"Karachi","24.8607","67.0011","2026-03-10T16:00","30.9","26","0.00","12.2","246","1013.0","0","26.7","16.5","313.0","6.4","18.7","125.0","84"
"Karachi","24.8607","67.0011","2026-03-10T17:00","29.6","36","0.00","10.8","242","1012.5","0","29.4","20.1","383.0","12.2","17.2","108.0","83"
"Karachi","24.8607","67.0011","2026-03-10T18:00","27.5","53","0.00","9.1","243","1012.8","0","32.9","22.3","521.0","25.2","17.1","84.0","82"
"Karachi","24.8607","67.0011","2026-03-10T19:00","25.3","73","0.00","7.3","247","1013.4","0","39.9","28.2","692.0","42.8","16.8","51.0","82"
"Karachi","24.8607","67.0011","2026-03-10T20:00","24.2","81","0.00","6.7","251","1013.9","0","43.9","30.6","803.0","54.9","16.4","27.0","81"
"Karachi","24.8607","67.0011","2026-03-10T21:00","23.7","87","0.00","6.6","257","1014.3","0","45.3","31.3","809.0","56.4","15.8","21.0","81"
"Karachi","24.8607","67.0011","2026-03-10T22:00","23.0","92","0.00","7.4","271","1014.4","0","45.8","31.3","754.0","52.2","14.9","24.0","81"
"Karachi","24.8607","67.0011","2026-03-10T23:00","22.7","95","0.00","7.8","285","1014.6","14","45.1","30.3","677.0","46.8","13.9","28.0","81"
"Karachi","24.8607","67.0011","2026-03-11T00:00","22.6","96","0.00","6.8","287","1014.5","7","44.2","29.5","573.0","41.0","12.5","31.0","81"
"Karachi","24.8607","67.0011","2026-03-11T01:00","22.4","96","0.00","6.5","289","1014.3","21","43.5","28.3","446.0","33.9","10.9","36.0","80"
"Karachi","24.8607","67.0011","2026-03-11T02:00","22.0","96","0.00","6.9","287","1013.9","29","44.2","27.0","347.0","27.4","9.6","41.0","80"
"Karachi","24.8607","67.0011","2026-03-11T03:00","21.8","94","0.00","6.9","279","1013.8","32","43.5","25.2","281.0","20.9","8.7","47.0","80"
"Karachi","24.8607","67.0011","2026-03-11T04:00","21.0","95","0.00","5.5","279","1013.6","28","42.5","23.9","242.0","15.0","8.0","52.0","80"
"Karachi","24.8607","67.0011","2026-03-11T05:00","21.2","95","0.00","7.3","281","1013.5","14","43.9","24.3","269.0","14.7","8.5","50.0","80"
"Karachi","24.8607","67.0011","2026-03-11T06:00","20.8","96","0.00","6.2","306","1013.9","27","44.4","25.0","432.0","21.0","9.3","42.0","80"
"Karachi","24.8607","67.0011","2026-03-11T07:00","20.2","97","0.00","4.4","300","1014.3","34","48.2","29.0","660.0","29.3","10.5","32.0","80"
"Karachi","24.8607","67.0011","2026-03-11T08:00","21.7","95","0.00","6.2","292","1015.1","35","49.9","34.3","777.0","33.2","12.3","32.0","80"
"Karachi","24.8607","67.0011","2026-03-11T09:00","23.9","87","0.00","5.7","283","1015.8","0","47.8","30.5","668.0","28.6","15.5","50.0","80"
"Karachi","24.8607","67.0011","2026-03-11T10:00","26.7","68","0.00","8.8","269","1016.1","3","49.5","29.2","447.0","19.6","19.2","77.0","80"
"Karachi","24.8607","67.0011","2026-03-11T11:00","28.4","61","0.00","11.7","259","1016.0","3","63.6","31.0","280.0","12.3","21.8","100.0","80"
"Karachi","24.8607","67.0011","2026-03-11T12:00","29.2","58","0.00","12.8","255","1015.5","56","82.0","34.5","238.0","8.7","22.2","116.0","80"
"Karachi","24.8607","67.0011","2026-03-11T13:00","29.6","58","0.00","13.3","251","1014.5","84","92.0","36.7","250.0","6.7","21.4","127.0","81"
"Karachi","24.8607","67.0011","2026-03-11T14:00","29.9","58","0.00","13.3","247","1013.2","98","99.0","37.3","274.0","6.2","20.2","131.0","83"
"Karachi","24.8607","67.0011","2026-03-11T15:00","29.5","59","0.00","14.2","246","1012.5","59","104.3","37.4","293.0","6.9","18.8","124.0","84"
"Karachi","24.8607","67.0011","2026-03-11T16:00","28.9","62","0.00","13.1","245","1012.0","68","113.4","37.7","325.0","9.1","17.0","109.0","86"
"Karachi","24.8607","67.0011","2026-03-11T17:00","27.8","71","0.00","12.2","239","1011.7","38","120.6","36.8","379.0","12.3","15.8","91.0","88"
"Karachi","24.8607","67.0011","2026-03-11T18:00","26.6","78","0.00","11.0","247","1011.9","97","128.5","39.0","477.0","21.1","14.9","74.0","89"
"Karachi","24.8607","67.0011","2026-03-11T19:00","25.6","84","0.00","9.0","250","1012.5","99","117.8","41.8","597.0","33.1","13.7","50.0","91"
"Karachi","24.8607","67.0011","2026-03-11T20:00","25.1","85","0.00","9.3","261","1012.6","100","132.2","45.8","691.0","40.9","12.6","34.0","92"
"Karachi","24.8607","67.0011","2026-03-11T21:00","24.9","83","0.00","8.6","272","1012.8","93","149.5","49.9","747.0","40.8","12.1","31.0","93"
"Karachi","24.8607","67.0011","2026-03-11T22:00","24.5","80","0.00","7.0","283","1012.8","91","154.1","53.3","775.0","36.5","11.8","36.0","95"
"Karachi","24.8607","67.0011","2026-03-11T23:00","24.2","80","0.00","6.4","295","1012.8","94","155.1","55.4","760.0","31.7","11.2","41.0","97"
"Karachi","24.8607","67.0011","2026-03-12T00:00","24.1","79","0.00","6.8","292","1012.2","100","150.9","56.6","673.0","27.2","10.0","45.0","99"
"Karachi","24.8607","67.0011","2026-03-12T01:00","24.1","78","0.00","8.1","266","1012.1","95","149.5","56.9","541.0","22.2","8.5","50.0","102"
"Karachi","24.8607","67.0011","2026-03-12T02:00","24.1","78","0.00","8.7","266","1011.4","100","145.8","56.5","431.0","18.0","7.5","54.0","105"
"Karachi","24.8607","67.0011","2026-03-12T03:00","23.9","80","0.00","8.8","275","1011.1","99","143.4","55.9","355.0","14.6","7.0","56.0","108"
"Karachi","24.8607","67.0011","2026-03-12T04:00","23.5","82","0.00","7.8","299","1010.8","94","144.8","55.5","301.0","12.0","6.9","57.0","111"
"Karachi","24.8607","67.0011","2026-03-12T05:00","23.0","90","0.00","7.4","304","1010.7","100","143.0","55.2","299.0","10.1","6.9","59.0","114"
"Karachi","24.8607","67.0011","2026-03-12T06:00","22.5","93","0.00","9.5","333","1011.1","97","136.9","55.1","399.0","17.0","8.8","48.0","118"
"Karachi","24.8607","67.0011","2026-03-12T07:00","22.6","86","0.00","10.2","342","1011.6","100","138.3","57.0","551.0","26.3","11.4","33.0","121"
"Karachi","24.8607","67.0011","2026-03-12T08:00","23.8","67","0.00","10.6","334","1011.9","100","136.0","59.5","636.0","31.2","13.7","29.0","124"
"Karachi","24.8607","67.0011","2026-03-12T09:00","26.2","39","0.00","10.9","333","1012.5","100","129.0","57.4","586.0","27.8","15.3","44.0","126"
"Karachi","24.8607","67.0011","2026-03-12T10:00","28.9","26","0.00","11.8","332","1012.6","100","105.5","44.9","470.0","20.2","16.5","70.0","129"
"Karachi","24.8607","67.0011","2026-03-12T11:00","31.8","26","0.00","9.2","321","1012.4","48","75.4","35.2","372.0","13.5","17.1","94.0","131"
"Karachi","24.8607","67.0011","2026-03-12T12:00","34.0","22","0.00","8.9","310","1011.7","0","62.9","28.5","319.0","9.2","16.9","113.0","131"
"Karachi","24.8607","67.0011","2026-03-12T13:00","35.0","19","0.00","11.2","292","1010.8","0","64.3","25.4","284.0","6.0","16.1","129.0","131"
"Karachi","24.8607","67.0011","2026-03-12T14:00","35.2","18","0.00","13.9","280","1009.7","0","76.6","27.5","272.0","4.7","15.6","137.0","129"
"Karachi","24.8607","67.0011","2026-03-12T15:00","34.3","22","0.00","15.1","273","1009.1","0","92.4","30.3","282.0","6.0","16.1","134.0","128"
"Karachi","24.8607","67.0011","2026-03-12T16:00","33.2","24","0.00","13.9","270","1008.6","0","130.9","38.5","314.0","9.2","16.9","123.0","128"
"Karachi","24.8607","67.0011","2026-03-12T17:00","33.0","21","0.00","12.9","263","1008.7","0","100.8","37.3","374.0","14.1","17.2","103.0","128"
"Karachi","24.8607","67.0011","2026-03-12T18:00","30.5","31","0.00","11.7","257","1008.8","0","84.1","36.1","495.0","21.7","15.4","86.0","128"
"Karachi","24.8607","67.0011","2026-03-12T19:00","28.0","44","0.00","9.7","252","1009.3","9","71.5","35.9","644.0","31.9","13.0","62.0","127"
"Karachi","24.8607","67.0011","2026-03-12T20:00","26.9","51","0.00","8.9","261","1009.7","100","65.0","34.6","729.0","38.0","11.0","46.0","127"
"Karachi","24.8607","67.0011","2026-03-12T21:00","26.3","56","0.00","11.9","268","1010.3","95","66.6","34.8","686.0","36.0","9.9","44.0","126"
"Karachi","24.8607","67.0011","2026-03-12T22:00","26.0","54","0.00","10.1","280","1010.6","2","78.2","36.7","579.0","29.9","9.3","49.0","124"
"Karachi","24.8607","67.0011","2026-03-12T23:00","25.7","58","0.00","9.2","274","1010.8","0","88.9","38.4","507.0","24.6","8.8","54.0","122"
"Karachi","24.8607","67.0011","2026-03-13T00:00","25.6","61","0.00","10.2","263","1010.2","0","102.7","40.6","509.0","21.6","8.3","56.0","121"
"Karachi","24.8607","67.0011","2026-03-13T01:00","25.4","63","0.00","11.4","265","1010.1","11","122.9","44.2","546.0","19.5","7.9","56.0","119"
"Karachi","24.8607","67.0011","2026-03-13T02:00","24.9","67","0.00","10.6","274","1009.4","3","144.8","48.3","601.0","18.8","8.2","55.0","118"
"Karachi","24.8607","67.0011","2026-03-13T03:00","24.2","67","0.00","8.8","303","1008.9","9","160.2","51.6","666.0","19.7","9.3","51.0","117"
"Karachi","24.8607","67.0011","2026-03-13T04:00","23.5","66","0.00","6.6","323","1008.5","0","163.0","53.9","749.0","22.0","11.1","45.0","116"
"Karachi","24.8607","67.0011","2026-03-13T05:00","22.2","77","0.00","5.8","5","1008.5","0","155.5","54.7","851.0","25.2","12.8","37.0","116"
"Karachi","24.8607","67.0011","2026-03-13T06:00","22.0","76","0.00","7.4","7","1008.8","0","157.4","57.3","1004.0","31.6","14.9","27.0","116"
"Karachi","24.8607","67.0011","2026-03-13T07:00","21.8","70","0.00","7.0","4","1009.4","0","162.5","63.3","1175.0","40.1","18.1","14.0","116"
"Karachi","24.8607","67.0011","2026-03-13T08:00","22.9","59","0.00","5.6","22","1010.0","0","141.1","74.3","1274.0","44.2","22.2","15.0","117"
"Karachi","24.8607","67.0011","2026-03-13T09:00","25.8","43","0.00","3.6","27","1010.7","0","154.1","64.3","1264.0","39.9","28.5","41.0","119"
"Karachi","24.8607","67.0011","2026-03-13T10:00","29.1","31","0.00","1.9","41","1010.8","0","170.4","61.5","1180.0","31.2","35.8","81.0","119"
"Karachi","24.8607","67.0011","2026-03-13T11:00","30.8","30","0.00","5.1","212","1010.9","0","182.5","62.9","1038.0","23.1","40.6","116.0","121"
"Karachi","24.8607","67.0011","2026-03-13T12:00","31.5","33","0.00","10.5","221","1010.4","0","190.0","64.3","791.0","16.7","41.5","141.0","124"
"Karachi","24.8607","67.0011","2026-03-13T13:00","32.5","26","0.00","12.0","237","1009.8","0","179.7","62.6","485.0","10.9","39.9","160.0","128"
"Karachi","24.8607","67.0011","2026-03-13T14:00","33.6","14","0.00","13.6","258","1008.6","0","168.6","60.3","274.0","7.5","36.8","167.0","131"
"Karachi","24.8607","67.0011","2026-03-13T15:00","32.8","15","0.00","15.0","257","1008.1","0","160.7","57.0","230.0","7.2","31.8","154.0","135"
"Karachi","24.8607","67.0011","2026-03-13T16:00","31.4","21","0.00","14.2","250","1007.6","0","156.9","53.9","280.0","9.2","25.3","129.0","138"
"Karachi","24.8607","67.0011","2026-03-13T17:00","30.1","27","0.00","13.7","248","1007.7","2","161.6","51.6","360.0","12.3","17.8","97.0","139"
"Karachi","24.8607","67.0011","2026-03-13T18:00","27.9","43","0.00","11.3","248","1008.1","0","145.3","49.8","477.0","19.1","15.8","81.0","141"
"Karachi","24.8607","67.0011","2026-03-13T19:00","26.0","62","0.00","9.6","250","1008.5","2","127.1","49.1","624.0","28.3","13.1","60.0","142"
"Karachi","24.8607","67.0011","2026-03-13T20:00","25.4","67","0.00","8.6","254","1009.0","4","118.5","46.7","713.0","34.1","11.0","45.0","144"
"Karachi","24.8607","67.0011","2026-03-13T21:00","25.2","64","0.00","10.8","269","1009.5","0","110.4","44.5","703.0","33.7","10.3","42.0","145"
"Karachi","24.8607","67.0011","2026-03-13T22:00","25.2","57","0.00","10.3","263","1009.8","0","108.0","43.3","635.0","29.9","10.2","46.0","146"
"Karachi","24.8607","67.0011","2026-03-13T23:00","24.9","66","0.00","10.7","257","1010.0","0","112.0","43.7","549.0","25.7","9.9","51.0","146"
"Karachi","24.8607","67.0011","2026-03-14T00:00","24.8","70","0.00","10.7","254","1009.8","0","113.6","44.1","440.0","21.5","9.0","56.0","147"
"Karachi","24.8607","67.0011","2026-03-14T01:00","24.6","74","0.00","10.9","250","1009.5","0","111.1","43.3","314.0","16.7","7.8","61.0","147"
"Karachi","24.8607","67.0011","2026-03-14T02:00","24.6","71","0.00","11.4","264","1009.0","0","99.4","39.9","222.0","13.0","7.0","66.0","147"
"Karachi","24.8607","67.0011","2026-03-14T03:00","24.7","64","0.00","14.1","275","1008.3","0","83.4","34.8","163.0","10.2","6.6","69.0","146"
"Karachi","24.8607","67.0011","2026-03-14T04:00","24.5","63","0.00","14.2","282","1008.4","0","71.2","30.6","139.0","8.3","6.4","71.0","145"
"Karachi","24.8607","67.0011","2026-03-14T05:00","23.9","71","0.00","11.5","290","1008.5","0","71.2","29.8","210.0","9.8","7.2","68.0","142"
"Karachi","24.8607","67.0011","2026-03-14T06:00","23.3","75","0.00","9.4","301","1008.9","0","69.4","29.5","484.0","16.4","8.1","58.0","140"
"Karachi","24.8607","67.0011","2026-03-14T07:00","22.6","79","0.00","8.2","311","1009.7","0","73.1","31.9","852.0","25.3","9.6","45.0","137"
"Karachi","24.8607","67.0011","2026-03-14T08:00","23.4","75","0.00","6.2","322","1010.4","0","73.6","36.8","1053.0","30.2","11.9","42.0","134"
"Karachi","24.8607","67.0011","2026-03-14T09:00","26.4","56","0.00","4.0","306","1011.1","0","93.1","39.8","923.0","27.6","16.3","59.0","130"
"Karachi","24.8607","67.0011","2026-03-14T10:00","29.9","32","0.00","5.7","279","1011.3","0","111.3","40.6","625.0","21.0","21.7","87.0","127"
"Karachi","24.8607","67.0011","2026-03-14T11:00","31.5","29","0.00","9.9","258","1011.5","6","92.9","34.7","387.0","15.1","24.8","109.0","125"
"Karachi","24.8607","67.0011","2026-03-14T12:00","32.7","24","0.00","13.8","254","1010.9","1","93.1","31.2","295.0","11.0","23.8","120.0","122"
"Karachi","24.8607","67.0011","2026-03-14T13:00","32.0","30","0.00","16.9","261","1010.4","1","99.7","31.1","263.0","7.5","20.5","126.0","118"
"Karachi","24.8607","67.0011","2026-03-14T14:00","31.8","35","0.00","16.9","269","1009.4","0","93.1","30.3","257.0","5.8","17.5","126.0","115"
"Karachi","24.8607","67.0011","2026-03-14T15:00","31.4","37","0.00","15.9","266","1008.5","0","83.4","27.8","268.0","6.3","15.6","119.0","112"
"Karachi","24.8607","67.0011","2026-03-14T16:00","30.6","40","0.00","14.9","258","1007.8","2","73.3","25.4","305.0","8.5","14.0","105.0","109"
"Karachi","24.8607","67.0011","2026-03-14T17:00","29.2","46","0.00","13.3","249","1007.7","0","71.5","26.4","365.0","12.4","13.6","94.0","106"
"Karachi","24.8607","67.0011","2026-03-14T18:00","27.6","55","0.00","12.1","247","1007.8","0","59.5","25.8","471.0","18.5","12.7","82.0","103"
"Karachi","24.8607","67.0011","2026-03-14T19:00","26.2","65","0.00","11.2","252","1008.3","0","55.3","27.1","599.0","26.6","11.4","66.0","101"
"Karachi","24.8607","67.0011","2026-03-14T20:00","25.8","69","0.00","11.0","255","1009.0","0","57.7","27.2","673.0","31.3","10.3","56.0","99"
"Karachi","24.8607","67.0011","2026-03-14T21:00","25.6","68","0.00","12.3","239","1009.4","0","58.6","26.4","652.0","29.3","9.5","56.0","97"
"Karachi","24.8607","67.0011","2026-03-14T22:00","25.6","67","0.00","11.5","268","1010.3","0","55.9","24.7","575.0","23.8","8.8","61.0","96"
"Karachi","24.8607","67.0011","2026-03-14T23:00","25.5","68","0.00","9.5","289","1010.9","0","51.2","22.6","489.0","18.5","8.1","67.0","94"
"Karachi","24.8607","67.0011","2026-03-15T00:00","25.6","67","0.00","12.5","277","1010.5","0","46.4","20.5","392.0","14.2","7.3","74.0","92"
"Karachi","24.8607","67.0011","2026-03-15T01:00","25.4","69","0.00","12.8","272","1010.0","0","42.4","19.0","284.0","10.1","6.6","81.0","90"
"Karachi","24.8607","67.0011","2026-03-15T02:00","25.2","69","0.00","11.7","287","1009.3","0","40.4","18.1","212.0","7.2","6.1","86.0","88"
"Karachi","24.8607","67.0011","2026-03-15T03:00","25.0","67","0.00","10.6","300","1009.2","0","36.0","17.1","172.0","5.4","5.8","86.0","86"
"Karachi","24.8607","67.0011","2026-03-15T04:00","24.4","72","0.00","9.1","306","1009.3","0","32.0","16.0","167.0","4.8","5.7","84.0","84"
"Karachi","24.8607","67.0011","2026-03-15T05:00","24.0","78","0.00","9.1","297","1009.3","12","31.4","15.9","257.0","6.0","6.0","83.0","83"
"Karachi","24.8607","67.0011","2026-03-15T06:00","23.2","82","0.00","7.7","321","1010.0","0","33.2","16.7","559.0","14.0","7.7","70.0","82"
"Karachi","24.8607","67.0011","2026-03-15T07:00","22.4","87","0.00","7.5","345","1010.8","0","41.0","20.0","955.0","24.8","10.2","52.0","81"
"Karachi","24.8607","67.0011","2026-03-15T08:00","23.4","80","0.00","7.4","334","1011.9","0","53.3","26.3","1152.0","30.4","12.4","46.0","80"
"Karachi","24.8607","67.0011","2026-03-15T09:00","26.9","57","0.00","5.9","325","1012.6","9","75.2","30.5","952.0","26.0","14.4","63.0","79"
"Karachi","24.8607","67.0011","2026-03-15T10:00","31.1","30","0.00","8.1","323","1012.9","5","107.8","29.5","552.0","16.6","16.1","91.0","78"
"Karachi","24.8607","67.0011","2026-03-15T11:00","33.5","16","0.00","11.8","322","1012.3","0","88.7","21.8","252.0","8.9","16.6","113.0","77"
"Karachi","24.8607","67.0011","2026-03-15T12:00","34.7","11","0.00","13.4","312","1011.8","2","61.9","16.8","180.0","5.5","14.9","123.0","76"
"Karachi","24.8607","67.0011","2026-03-15T13:00","35.2","10","0.00","12.7","299","1010.6","2","49.5","14.0","207.0","3.8","12.0","127.0","74"
"Karachi","24.8607","67.0011","2026-03-15T14:00","35.2","12","0.00","14.1","287","1009.6","0","44.1","13.0","243.0","3.8","10.3","128.0","73"
"Karachi","24.8607","67.0011","2026-03-15T15:00","34.8","12","0.00","15.7","288","1008.8","0","41.7","12.8","249.0","5.3","11.3","126.0","71"
"Karachi","24.8607","67.0011","2026-03-15T16:00","34.3","12","0.00","15.0","284","1008.4","0","42.3","14.0","264.0","8.4","13.4","120.0","70"
"Karachi","24.8607","67.0011","2026-03-15T17:00","32.5","17","0.00","14.6","261","1008.2","0","37.3","15.4","321.0","13.1","14.2","108.0","69"
"Karachi","24.8607","67.0011","2026-03-15T18:00","29.9","30","0.00","12.4","251","1008.1","0","37.1","18.9","474.0","20.6","13.1","93.0","68"
"Karachi","24.8607","67.0011","2026-03-15T19:00","27.8","41","0.00","10.8","244","1008.2","5","36.0","20.3","669.0","30.8","11.5","71.0","67"
"Karachi","24.8607","67.0011","2026-03-15T20:00","27.1","44","0.00","13.7","261","1009.3","75","34.1","19.9","768.0","36.7","10.2","57.0","67"
"Karachi","24.8607","67.0011","2026-03-15T21:00","26.8","45","0.00","14.8","269","1010.3","87","33.9","19.1","686.0","34.6","9.4","56.0","66"
"Karachi","24.8607","67.0011","2026-03-15T22:00","26.6","46","0.00","14.4","270","1010.6","95","34.3","18.7","509.0","28.2","8.9","61.0","66"
"Karachi","24.8607","67.0011","2026-03-15T23:00","26.1","50","0.00","12.8","276","1010.7","91","35.6","18.6","362.0","22.1","8.4","67.0","65"
"Karachi","24.8607","67.0011","2026-03-16T00:00","25.4","56","0.00","12.9","276","1010.2","38","37.1","18.7","291.0","17.4","7.6","71.0","65"
"Karachi","24.8607","67.0011","2026-03-16T01:00","25.1","60","0.00","13.3","273","1009.6","20","38.6","18.6","249.0","12.9","6.8","76.0","64"
"Karachi","24.8607","67.0011","2026-03-16T02:00","25.0","61","0.00","12.7","282","1008.9","2","39.5","18.4","224.0","9.7","6.3","78.0","64"
"Karachi","24.8607","67.0011","2026-03-16T03:00","24.2","67","0.00","10.4","302","1008.4","0","38.2","18.0","191.0","7.6","6.1","77.0","64"
"Karachi","24.8607","67.0011","2026-03-16T04:00","23.6","73","0.00","9.4","288","1008.2","0","36.6","17.5","174.0","6.8","6.2","75.0","65"
"Karachi","24.8607","67.0011","2026-03-16T05:00","23.2","78","0.00","11.2","285","1007.9","0","39.9","16.6","230.0","8.1","6.6","72.0","65"
"Karachi","24.8607","67.0011","2026-03-16T06:00","23.2","78","0.00","11.0","302","1008.3","0","42.3","17.3","447.0","15.3","7.8","62.0","65"
"Karachi","24.8607","67.0011","2026-03-16T07:00","23.1","77","0.00","10.5","311","1008.9","0","46.3","19.5","737.0","24.9","9.6","48.0","65"
"Karachi","24.8607","67.0011","2026-03-16T08:00","24.4","67","0.00","9.1","311","1009.5","0","48.3","23.8","887.0","29.9","11.9","45.0","65"
"Karachi","24.8607","67.0011","2026-03-16T09:00","27.3","46","0.00","7.9","309","1010.1","0","61.9","24.4","761.0","25.8","15.5","62.0","65"
"Karachi","24.8607","67.0011","2026-03-16T10:00","30.7","21","0.00","11.0","318","1010.5","0","82.0","23.1","495.0","17.0","19.5","89.0","64"
"Karachi","24.8607","67.0011","2026-03-16T11:00","32.8","15","0.00","10.4","300","1010.1","0","107.3","23.1","290.0","9.8","21.6","111.0","63"
"Karachi","24.8607","67.0011","2026-03-16T12:00","34.0","13","0.00","11.2","281","1009.4","0","91.3","21.8","225.0","6.3","20.1","123.0","64"
"Karachi","24.8607","67.0011","2026-03-16T13:00","34.6","12","0.00","12.8","276","1008.4","0","78.5","20.0","221.0","4.4","16.6","129.0","64"
"Karachi","24.8607","67.0011","2026-03-16T14:00","34.8","12","0.00","14.2","271","1007.6","0","73.3","19.0","238.0","4.1","13.9","131.0","64"
"Karachi","24.8607","67.0011","2026-03-16T15:00","34.2","14","0.00","15.3","261","1006.8","0","71.7","18.7","268.0","5.6","13.4","126.0","65"
"Karachi","24.8607","67.0011","2026-03-16T16:00","32.6","23","0.00","15.4","251","1006.4","0","75.7","20.5","319.0","8.8","13.6","117.0","66"
"Karachi","24.8607","67.0011","2026-03-16T17:00","30.9","31","0.00","14.3","245","1006.3","0","47.7","16.0","375.0","12.7","12.6","103.0","66"
"Karachi","24.8607","67.0011","2026-03-16T18:00","28.6","46","0.00","13.8","233","1006.5","0","47.3","19.1","439.0","18.9","11.5","89.0","66"
"Karachi","24.8607","67.0011","2026-03-16T19:00","27.2","51","0.00","13.5","240","1006.8","0","49.8","21.9","508.0","27.3","9.9","70.0","66"
"Karachi","24.8607","67.0011","2026-03-16T20:00","26.5","56","0.00","11.9","245","1007.3","0","49.5","21.6","555.0","32.2","8.7","57.0","66"
"Karachi","24.8607","67.0011","2026-03-16T21:00","26.3","58","0.00","12.0","256","1007.8","0","48.1","20.3","573.0","30.2","8.2","56.0","66"
"Karachi","24.8607","67.0011","2026-03-16T22:00","26.0","61","0.00","11.1","261","1008.5","0","43.7","18.6","570.0","24.7","8.0","60.0","67"
"Karachi","24.8607","67.0011","2026-03-16T23:00","25.4","63","0.00","9.3","295","1008.8","0","39.8","17.4","539.0","20.0","7.8","64.0","67"
"Karachi","24.8607","67.0011","2026-03-17T00:00","25.0","65","0.00","8.8","285","1008.5","0","37.3","17.1","464.0","17.8","7.6","65.0","66"
"Karachi","24.8607","67.0011","2026-03-17T01:00","24.5","69","0.00","7.7","294","1008.3","25","35.5","16.8","362.0","16.4","7.4","64.0","66"
"Karachi","24.8607","67.0011","2026-03-17T02:00","24.0","75","0.00","7.8","274","1007.6","21","35.0","16.2","281.0","15.2","7.4","64.0","66"
"Karachi","24.8607","67.0011","2026-03-17T03:00","23.8","78","0.00","9.1","285","1007.3","84","34.9","16.0","210.0","13.0","7.5","65.0","66"
"Karachi","24.8607","67.0011","2026-03-17T04:00","23.4","83","0.00","9.2","291","1007.0","95","34.8","15.8","159.0","10.9","7.7","65.0","66"
"Karachi","24.8607","67.0011","2026-03-17T05:00","23.4","86","0.00","10.2","278","1007.0","100","33.9","15.1","208.0","10.4","8.1","66.0","66"
"Karachi","24.8607","67.0011","2026-03-17T06:00","23.3","88","0.00","9.9","273","1007.2","100","35.0","15.3","471.0","17.2","9.0","59.0","66"
"Karachi","24.8607","67.0011","2026-03-17T07:00","23.3","87","0.00","8.0","264","1007.5","100","37.5","17.1","833.0","26.3","10.3","51.0","65"
"Karachi","24.8607","67.0011","2026-03-17T08:00","24.4","81","0.00","5.8","270","1008.2","100","39.0","21.0","1026.0","30.9","12.2","52.0","65"
"Karachi","24.8607","67.0011","2026-03-17T09:00","26.4","67","0.00","6.7","262","1009.0","68","47.8","20.2","881.0","26.8","15.1","70.0","65"
"Karachi","24.8607","67.0011","2026-03-17T10:00","28.2","55","0.00","7.7","249","1009.2","52","53.1","20.1","568.0","18.3","18.6","97.0","65"
"Karachi","24.8607","67.0011","2026-03-17T11:00","28.9","54","0.00","8.8","219","1009.5","40","53.9","20.6","329.0","11.3","21.0","118.0","64"
"Karachi","24.8607","67.0011","2026-03-17T12:00","28.9","59","0.00","12.8","208","1009.4","2","52.2","20.5","265.0","8.0","21.7","130.0","64"
"Karachi","24.8607","67.0011","2026-03-17T13:00","28.8","59","0.00","14.2","202","1008.5","5","49.6","19.9","274.0","6.3","21.3","136.0","64"
"Karachi","24.8607","67.0011","2026-03-17T14:00","28.6","58","0.00","14.5","201","1007.9","5","46.4","18.7","296.0","5.8","20.4","136.0","64"
"Karachi","24.8607","67.0011","2026-03-17T15:00","28.2","61","0.00","14.8","206","1007.2","65","43.2","17.6","313.0","6.3","18.7","128.0","64"
"Karachi","24.8607","67.0011","2026-03-17T16:00","28.0","63","0.00","13.2","197","1006.6","55","40.5","16.8","342.0","7.9","16.5","114.0","64"
"Karachi","24.8607","67.0011","2026-03-17T17:00","27.4","65","0.00","12.2","204","1006.5","53","34.2","14.4","376.0","11.5","16.4","105.0","64"
"Karachi","24.8607","67.0011","2026-03-17T18:00","26.5","71","0.00","11.4","193","1006.4","83","30.4","14.8","418.0","17.9","14.9","90.0","72"
"Karachi","24.8607","67.0011","2026-03-17T19:00","25.6","80","0.00","8.6","188","1006.9","95","27.5","16.6","465.0","26.9","12.8","70.0","70"
"Karachi","24.8607","67.0011","2026-03-17T20:00","25.4","86","0.00","8.8","176","1007.3","98","27.9","17.2","501.0","34.2","11.5","53.0","62"
"Karachi","24.8607","67.0011","2026-03-17T21:00","25.2","88","0.00","8.0","189","1008.1","100","28.5","18.2","513.0","38.3","11.8","45.0","62"
"Karachi","24.8607","67.0011","2026-03-17T22:00","25.0","89","0.00","7.5","215","1008.6","98","29.9","20.0","514.0","40.7","12.8","40.0","62"
"Karachi","24.8607","67.0011","2026-03-17T23:00","25.0","91","0.00","6.7","236","1008.6","88","31.5","22.1","521.0","42.0","13.5","37.0","62"
"Karachi","24.8607","67.0011","2026-03-18T00:00","24.8","92","0.00","7.0","230","1008.5","92","32.1","23.0","547.0","42.0","13.3","34.0","62"
"Karachi","24.8607","67.0011","2026-03-18T01:00","24.5","93","0.00","5.8","248","1008.2","85","31.8","23.2","579.0","40.8","12.7","33.0","63"
"Karachi","24.8607","67.0011","2026-03-18T02:00","24.1","95","0.00","3.1","294","1007.9","20","35.0","25.7","603.0","39.9","12.5","31.0","64"
"Karachi","24.8607","67.0011","2026-03-18T03:00","23.7","97","0.00","2.6","326","1007.4","85","39.3","28.8","596.0","39.9","12.9","28.0","64"
"Karachi","24.8607","67.0011","2026-03-18T04:00","23.4","98","0.00","4.3","15","1007.3","91","45.3","33.8","580.0","40.1","13.7","24.0","65"
"Karachi","24.8607","67.0011","2026-03-18T05:00","23.0","98","0.00","5.4","42","1007.6","61","38.3","29.9","609.0","28.0","12.6","37.0","67"
"Karachi","24.8607","67.0011","2026-03-18T06:00","23.0","97","0.00","5.6","61","1007.9","100","47.3","38.2","747.0","32.0","13.4","29.0","68"
"Karachi","24.8607","67.0011","2026-03-18T07:00","23.0","96","0.00","6.4","45","1008.7","100","56.2","47.7","929.0","37.1","14.7","20.0","70"
"Karachi","24.8607","67.0011","2026-03-18T08:00","23.7","91","0.00","7.8","67","1009.3","95","50.3","43.5","1022.0","38.0","17.0","21.0","73"
"Karachi","24.8607","67.0011","2026-03-18T09:00","25.4","80","0.00","3.1","97","1010.6","85","34.6","26.5","944.0","30.9","21.3","41.0","75"
"Karachi","24.8607","67.0011","2026-03-18T10:00","27.0","72","0.00","7.9","139","1010.6","32","29.4","18.9","776.0","19.6","26.6","72.0","76"
"Karachi","24.8607","67.0011","2026-03-18T11:00","28.0","65","0.00","9.6","159","1010.8","51","31.0","18.7","625.0","10.7","29.9","97.0","76"
"Karachi","24.8607","67.0011","2026-03-18T12:00","28.5","64","0.00","7.8","187","1011.2","23","33.2","19.3","515.0","6.8","29.3","112.0","75"
"Karachi","24.8607","67.0011","2026-03-18T13:00","28.9","58","0.20","3.9","217","1010.7","69","37.8","20.2","422.0","5.3","26.7","122.0","75"
"Karachi","24.8607","67.0011","2026-03-18T14:00","29.6","53","0.00","5.5","189","1009.5","39","42.4","20.9","376.0","5.3","24.6","125.0","75"
"Karachi","24.8607","67.0011","2026-03-18T15:00","29.6","54","0.00","12.7","173","1008.3","88","43.0","20.4","393.0","6.7","24.4","120.0","76"
"Karachi","24.8607","67.0011","2026-03-18T16:00","28.7","56","0.00","11.2","168","1007.7","49","43.5","19.5","456.0","9.6","24.6","110.0","76"
"Karachi","24.8607","67.0011","2026-03-18T17:00","27.5","72","0.00","15.9","164","1007.2","95","48.3","22.4","550.0","13.4","28.2","106.0","76"
"Karachi","24.8607","67.0011","2026-03-18T18:00","26.4","79","0.00","17.8","173","1007.6","100","39.5","18.5","689.0","15.0","23.0","94.0","77"
"Karachi","24.8607","67.0011","2026-03-18T19:00","26.0","84","0.00","12.9","162","1007.8","28","29.7","15.3","858.0","17.2","15.8","78.0","77"
"Karachi","24.8607","67.0011","2026-03-18T20:00","25.5","88","0.00","7.9","150","1008.4","9","28.1","13.0","996.0","18.6","10.3","66.0","77"
"Karachi","24.8607","67.0011","2026-03-18T21:00","25.4","90","0.00","5.7","242","1009.8","56","29.1","12.6","1104.0","18.0","8.2","64.0","77"
"Karachi","24.8607","67.0011","2026-03-18T22:00","25.3","90","0.00","7.5","330","1010.8","85","31.4","13.6","1182.0","16.7","7.8","68.0","76"
"Karachi","24.8607","67.0011","2026-03-18T23:00","24.0","75","2.10","6.0","339","1012.0","99","33.9","15.3","1159.0","16.4","8.1","68.0","76"
"Karachi","24.8607","67.0011","2026-03-19T00:00","23.0","74","0.00","6.0","73","1011.4","100","39.0","19.2","959.0","18.9","9.2","61.0","75"
"Karachi","24.8607","67.0011","2026-03-19T01:00","23.0","76","0.00","3.0","327","1011.6","100","36.0","19.5","660.0","22.4","11.0","51.0","75"
"Karachi","24.8607","67.0011","2026-03-19T02:00","22.6","78","0.00","2.5","135","1010.5","44","33.9","18.5","426.0","24.3","12.2","45.0","74"
"Karachi","24.8607","67.0011","2026-03-19T03:00","22.9","88","0.00","8.5","175","1009.7","99","31.8","17.9","272.0","22.3","12.0","45.0","74"
"Karachi","24.8607","67.0011","2026-03-19T04:00","22.5","92","0.40","0.6","288","1010.2","98","32.7","18.1","183.0","18.5","11.3","49.0","73"
"Karachi","24.8607","67.0011","2026-03-19T05:00","21.4","88","0.00","6.5","62","1010.5","94","36.7","19.3","281.0","21.4","13.5","36.0","71"
"Karachi","24.8607","67.0011","2026-03-19T06:00","20.5","90","0.40","1.0","301","1011.3","99","36.4","18.8","772.0","28.6","13.8","28.0","70"
"Karachi","24.8607","67.0011","2026-03-19T07:00","20.5","83","7.80","1.0","59","1012.5","99","40.7","21.8","1451.0","38.2","14.4","18.0","69"
"Karachi","24.8607","67.0011","2026-03-19T08:00","21.1","88","0.50","3.2","90","1013.4","99","42.0","25.4","1824.0","42.8","15.8","18.0","66"
"Karachi","24.8607","67.0011","2026-03-19T09:00","22.4","84","0.00","2.9","4","1014.0","99","46.7","27.3","1579.0","37.9","18.7","36.0","65"
"Karachi","24.8607","67.0011","2026-03-19T10:00","24.0","77","1.20","1.5","315","1015.3","100","55.1","27.2","1028.0","27.9","22.4","64.0","65"
"Karachi","24.8607","67.0011","2026-03-19T11:00","21.5","82","0.10","8.5","122","1015.2","100","77.3","28.1","618.0","19.3","25.3","90.0","65"
"Karachi","24.8607","67.0011","2026-03-19T12:00","21.8","81","0.10","8.6","80","1015.1","100","90.6","29.7","552.0","14.0","26.5","112.0","66"
"Karachi","24.8607","67.0011","2026-03-19T13:00","23.0","76","0.00","7.4","96","1014.4","97","103.1","32.9","625.0","9.9","27.0","131.0","67"
"Karachi","24.8607","67.0011","2026-03-19T14:00","24.0","70","0.00","9.7","121","1013.0","88","114.3","36.9","673.0","7.6","27.6","145.0","68"
"Karachi","24.8607","67.0011","2026-03-19T15:00","24.3","70","0.10","8.4","149","1012.0","65","125.7","40.2","586.0","5.9","29.3","154.0","70"
"Karachi","24.8607","67.0011","2026-03-19T16:00","24.4","68","0.20","7.6","172","1011.1","83","132.7","41.9","473.0","5.9","31.1","156.0","72"
"Karachi","24.8607","67.0011","2026-03-19T17:00","25.8","57","0.00","3.6","162","1010.2","64","74.5","23.5","495.0","10.7","22.7","110.0","74"
"Karachi","24.8607","67.0011","2026-03-19T18:00","25.4","59","0.00","3.1","173","1010.4","15","77.1","25.1","811.0","26.9","22.9","86.0","74"
"Karachi","24.8607","67.0011","2026-03-19T19:00","24.5","67","0.00","5.7","233","1011.2","9","75.2","33.9","1263.0","49.1","23.3","52.0","76"
"Karachi","24.8607","67.0011","2026-03-19T20:00","23.7","70","0.00","8.1","274","1012.1","2","77.5","35.7","1535.0","65.3","23.6","27.0","76"
"Karachi","24.8607","67.0011","2026-03-19T21:00","23.0","74","0.00","6.1","284","1012.9","5","87.3","40.7","1458.0","70.1","24.3","18.0","78"
"Karachi","24.8607","67.0011","2026-03-19T22:00","22.3","81","0.00","4.7","320","1013.4","2","92.7","47.6","1202.0","68.8","25.1","17.0","80"
"Karachi","24.8607","67.0011","2026-03-19T23:00","21.5","77","0.00","4.2","282","1013.6","2","77.3","44.2","961.0","65.8","24.7","18.0","83"
"Karachi","24.8607","67.0011","2026-03-20T00:00","21.2","78","0.00","5.6","264","1013.0","2","68.7","35.7","796.0","61.7","22.0","21.0","86"
"Karachi","24.8607","67.0011","2026-03-20T01:00","21.1","77","0.00","4.7","313","1012.4","4","70.1","34.2","647.0","55.8","18.2","26.0","87"
"Karachi","24.8607","67.0011","2026-03-20T02:00","20.9","80","0.00","2.9","317","1011.3","17","74.0","35.2","529.0","50.5","15.5","30.0","89"
"Karachi","24.8607","67.0011","2026-03-20T03:00","20.5","82","0.00","4.2","340","1010.6","0","73.3","35.2","387.0","46.0","14.9","31.0","90"
"Karachi","24.8607","67.0011","2026-03-20T04:00","19.6","85","0.00","7.4","354","1010.7","5","72.9","35.2","276.0","42.1","15.4","30.0","92"
"Karachi","24.8607","67.0011","2026-03-20T05:00","19.0","92","0.00","5.2","22","1011.3","4","59.5","34.5","376.0","55.4","17.0","16.0","93"
"Karachi","24.8607","67.0011","2026-03-20T06:00","18.8","92","0.00","2.0","5","1011.8","7","62.2","35.2","941.0","55.4","18.9","14.0","95"
"Karachi","24.8607","67.0011","2026-03-20T07:00","18.9","93","0.00","1.2","333","1012.3","6","66.6","38.3","1717.0","54.9","21.6","13.0","96"
"Karachi","24.8607","67.0011","2026-03-20T08:00","20.5","87","0.00","1.7","148","1012.7","5","65.4","44.5","2118.0","50.5","24.0","22.0","98"
"Karachi","24.8607","67.0011","2026-03-20T09:00","23.1","73","0.00","1.8","186","1013.2","0","64.3","28.8","1772.0","38.6","26.3","49.0","99"
"Karachi","24.8607","67.0011","2026-03-20T10:00","24.6","67","0.00","3.0","205","1013.4","0","83.8","27.4","1052.0","22.8","28.4","86.0","99"
"Karachi","24.8607","67.0011","2026-03-20T11:00","25.9","55","0.00","2.6","219","1013.5","0","109.2","31.1","491.0","10.7","28.8","114.0","99"
"Karachi","24.8607","67.0011","2026-03-20T12:00","26.8","53","0.00","6.5","199","1013.1","0","113.4","32.9","310.0","5.6","26.0","126.0","100"
"Karachi","24.8607","67.0011","2026-03-20T13:00","26.6","58","0.00","11.3","198","1012.3","0","109.0","32.9","289.0","4.2","21.5","128.0","100"
"Karachi","24.8607","67.0011","2026-03-20T14:00","26.4","60","0.00","12.7","203","1011.3","0","105.2","32.2","302.0","4.1","18.3","127.0","100"
"Karachi","24.8607","67.0011","2026-03-20T15:00","26.3","59","0.00","12.4","214","1010.7","0","102.9","31.9","311.0","4.3","17.9","123.0","99"
"Karachi","24.8607","67.0011","2026-03-20T16:00","26.2","60","0.00","9.8","218","1010.0","5","97.8","31.2","353.0","5.8","18.7","115.0","99"
"Karachi","24.8607","67.0011","2026-03-20T17:00","26.0","61","0.00","8.5","207","1009.9","12","72.9","24.9","418.0","9.1","20.4","116.0","98"
"Karachi","24.8607","67.0011","2026-03-20T18:00","25.0","67","0.00","9.9","224","1010.5","11","62.6","23.3","531.0","16.1","18.4","97.0","98"
"Karachi","24.8607","67.0011","2026-03-20T19:00","24.0","74","0.00","9.2","231","1010.7","3","50.9","23.1","667.0","25.7","15.6","71.0","98"
"Karachi","24.8607","67.0011","2026-03-20T20:00","23.6","78","0.00","9.2","239","1011.3","3","48.5","23.1","738.0","32.6","13.5","51.0","97"
"Karachi","24.8607","67.0011","2026-03-20T21:00","23.5","80","0.00","8.7","246","1011.9","12","47.8","23.2","688.0","34.6","12.7","45.0","96"
"Karachi","24.8607","67.0011","2026-03-20T22:00","23.4","82","0.00","8.8","251","1012.3","65","47.1","23.3","573.0","33.9","12.5","45.0","94"
"Karachi","24.8607","67.0011","2026-03-20T23:00","23.6","86","0.00","8.8","237","1011.9","100","46.6","23.6","470.0","32.3","12.1","46.0","92"
"Karachi","24.8607","67.0011","2026-03-21T00:00","24.1","87","0.00","8.9","238","1011.5","34","46.1","23.9","404.0","30.0","11.0","47.0","90"
"Karachi","24.8607","67.0011","2026-03-21T01:00","23.9","89","0.00","10.1","241","1011.0","60","45.5","23.3","350.0","26.8","9.6","48.0","89"
"Karachi","24.8607","67.0011","2026-03-21T02:00","23.6","90","0.00","9.1","253","1010.7","97","44.0","21.9","311.0","23.6","8.6","50.0","88"
"Karachi","24.8607","67.0011","2026-03-21T03:00","23.5","91","0.00","7.6","262","1010.4","100","41.4","20.5","265.0","19.7","8.0","52.0","87"
"Karachi","24.8607","67.0011","2026-03-21T04:00","23.6","90","0.00","8.2","262","1010.3","97","38.8","19.1","234.0","15.8","7.7","54.0","86"
"Karachi","24.8607","67.0011","2026-03-21T05:00","23.4","90","0.00","9.3","279","1010.7","95","36.3","17.2","288.0","13.1","7.6","55.0","84"
"Karachi","24.8607","67.0011","2026-03-21T06:00","23.0","92","0.10","8.8","293","1011.1","99","35.4","17.5","532.0","20.2","8.8","47.0","83"
"Karachi","24.8607","67.0011","2026-03-21T07:00","22.9","93","0.00","4.6","301","1011.5","92","37.1","20.0","860.0","29.6","10.6","37.0","81"
"Karachi","24.8607","67.0011","2026-03-21T08:00","23.5","90","0.00","4.0","324","1012.2","98","40.7","25.5","1026.0","33.7","12.7","35.0","80"
"Karachi","24.8607","67.0011","2026-03-21T09:00","24.5","85","0.00","4.2","282","1012.7","59","46.6","22.1","866.0","27.5","15.4","48.0","78"
"Karachi","24.8607","67.0011","2026-03-21T10:00","26.3","73","0.00","6.8","241","1012.9","58","49.0","22.0","543.0","16.0","18.3","69.0","77"
"Karachi","24.8607","67.0011","2026-03-21T11:00","27.2","65","0.00","7.5","213","1012.7","100","49.0","22.8","300.0","7.2","20.3","87.0","77"
"Karachi","24.8607","67.0011","2026-03-21T12:00","27.7","63","0.00","8.6","211","1012.8","100","49.9","24.0","243.0","4.2","20.5","99.0","76"
"Karachi","24.8607","67.0011","2026-03-21T13:00","27.6","63","0.00","11.4","229","1012.5","97","50.8","25.3","265.0","3.9","19.7","107.0","75"
"Karachi","24.8607","67.0011","2026-03-21T14:00","27.8","63","0.00","10.9","230","1011.9","96","50.8","25.5","294.0","4.5","19.2","110.0","75"
"Karachi","24.8607","67.0011","2026-03-21T15:00","27.6","63","0.00","10.9","226","1011.0","41","49.4","25.4","296.0","5.1","19.7","106.0","74"
"Karachi","24.8607","67.0011","2026-03-21T16:00","27.3","64","0.00","13.7","240","1010.9","93","44.9","24.0","304.0","6.6","20.5","96.0","73"
"Karachi","24.8607","67.0011","2026-03-21T17:00","26.9","63","0.00","10.9","236","1010.9","81","35.4","19.0","344.0","7.7","17.5","87.0","73"
"Karachi","24.8607","67.0011","2026-03-21T18:00","26.5","65","0.00","9.4","246","1011.4","88","32.7","18.9","446.0","15.8","16.9","71.0","72"
"Karachi","24.8607","67.0011","2026-03-21T19:00","25.9","68","0.00","9.0","258","1011.9","45","31.5","21.2","580.0","27.0","16.1","50.0","72"
"Karachi","24.8607","67.0011","2026-03-21T20:00","25.3","73","0.00","9.1","245","1012.6","100","32.9","23.3","683.0","36.5","15.6","32.0","72"
"Karachi","24.8607","67.0011","2026-03-21T21:00","25.0","78","0.00","8.8","239","1013.2","100","34.3","25.5","740.0","43.1","16.0","22.0","72"
"Karachi","24.8607","67.0011","2026-03-21T22:00","24.8","81","0.00","8.4","251","1013.5","60","35.3","27.1","766.0","47.9","16.8","16.0","72"
"Karachi","24.8607","67.0011","2026-03-21T23:00","24.5","82","0.00","9.0","247","1013.8","16","36.2","28.5","743.0","49.4","16.9","14.0","72"
"Karachi","24.8607","67.0011","2026-03-22T00:00","24.5","83","0.00","8.8","247","1013.6","23","36.7","29.3","638.0","45.7","15.5","17.0","73"
"Karachi","24.8607","67.0011","2026-03-22T01:00","24.3","83","0.00","7.4","263","1013.3","95","34.2","27.0","484.0","38.6","13.4","25.0","73"
"Karachi","24.8607","67.0011","2026-03-22T02:00","24.0","86","0.00","7.0","280","1012.8","93","31.2","24.1","367.0","31.9","11.6","31.0","73"
"Karachi","24.8607","67.0011","2026-03-22T03:00","23.5","90","0.00","6.5","298","1012.6","88","29.6","22.6","296.0","25.5","10.3","36.0","74"
"Karachi","24.8607","67.0011","2026-03-22T04:00","23.1","93","0.00","4.9","309","1012.9","60","28.5","21.6","261.0","19.5","9.4","41.0","74"
"Karachi","24.8607","67.0011","2026-03-22T05:00","22.2","98","0.00","1.9","61","1012.7","93","25.7","20.1","316.0","16.0","9.0","42.0","74"
"Karachi","24.8607","67.0011","2026-03-22T06:00","22.5","98","0.00","0.5","225","1013.2","99","26.4","21.0","564.0","22.5","10.3","34.0","74"
"Karachi","24.8607","67.0011","2026-03-22T07:00","22.4","98","0.00","4.0","267","1013.9","100","33.6","28.2","902.0","31.0","12.4","24.0","75"
"Karachi","24.8607","67.0011","2026-03-22T08:00","23.5","91","0.00","4.3","272","1014.6","69","38.5","33.6","1077.0","34.7","15.9","25.0","75"
"Karachi","24.8607","67.0011","2026-03-22T09:00","25.0","79","0.00","4.3","268","1014.8","78","35.6","25.6","926.0","28.9","22.3","47.0","76"
"Karachi","24.8607","67.0011","2026-03-22T10:00","26.5","70","0.00","4.0","252","1015.1","91","43.8","26.1","613.0","18.3","30.0","80.0","76"
"Karachi","24.8607","67.0011","2026-03-22T11:00","27.1","64","0.00","6.5","247","1015.3","100","54.6","28.8","368.0","10.1","35.0","106.0","77"
"Karachi","24.8607","67.0011","2026-03-22T12:00","27.6","61","0.10","8.7","246","1015.1","100","58.7","28.8","286.0","7.4","35.0","117.0","77"
"Karachi","24.8607","67.0011","2026-03-22T13:00","28.8","55","0.00","11.2","242","1014.4","100","53.2","28.1","274.0","7.1","32.1","121.0","78"
"Karachi","24.8607","67.0011","2026-03-22T14:00","29.0","52","0.00","13.8","248","1013.6","100","44.8","26.4","283.0","7.8","29.0","118.0","78"
"Karachi","24.8607","67.0011","2026-03-22T15:00","28.5","55","0.00","13.3","247","1013.2","99","36.2","23.6","305.0","8.6","26.2","108.0","78"
"Karachi","24.8607","67.0011","2026-03-22T16:00","28.2","59","0.00","12.5","240","1012.7","100","31.4","22.0","348.0","10.4","23.1","92.0","78"
"Karachi","24.8607","67.0011","2026-03-22T17:00","27.0","64","0.00","5.6","243","1012.6","100","34.6","25.4","388.0","12.2","19.0","79.0","78"
"Karachi","24.8607","67.0011","2026-03-22T18:00","26.4","71","0.00","13.9","266","1012.9","95","31.7","24.6","421.0","18.3","17.8","67.0","78"
"Karachi","24.8607","67.0011","2026-03-22T19:00","25.6","75","0.00","9.7","285","1013.1","87","30.6","25.2","450.0","26.7","16.2","51.0","79"
"Karachi","24.8607","67.0011","2026-03-22T20:00","25.0","79","0.00","8.5","291","1013.5","98","31.2","25.9","465.0","33.4","15.0","38.0","79"
"Karachi","24.8607","67.0011","2026-03-22T21:00","24.5","83","0.00","6.9","285","1013.5","97","31.1","26.1","460.0","37.2","14.8","31.0","79"
"Karachi","24.8607","67.0011","2026-03-22T22:00","24.0","86","0.00","7.7","294","1013.6","84","31.3","26.7","439.0","39.2","14.9","27.0","79"
"Karachi","24.8607","67.0011","2026-03-22T23:00","24.2","84","0.00","8.8","285","1014.0","90","31.2","26.8","406.0","38.9","14.6","26.0","79"
"Karachi","24.8607","67.0011","2026-03-23T00:00","24.1","84","0.00","8.8","293","1013.7","100","29.9","25.7","352.0","35.0","13.3","28.0","79"
"Karachi","24.8607","67.0011","2026-03-23T01:00","23.9","85","0.00","8.3","304","1013.4","95","27.2","23.3","285.0","28.8","11.5","33.0","79"
"Karachi","24.8607","67.0011","2026-03-23T02:00","23.5","86","0.00","8.0","320","1013.0","95","24.0","20.4","233.0","23.0","10.0","38.0","79"
"Karachi","24.8607","67.0011","2026-03-23T03:00","23.4","86","0.00","7.9","313","1012.4","100","20.7","17.4","193.0","18.2","9.0","42.0","78"
"Karachi","24.8607","67.0011","2026-03-23T04:00","23.4","85","0.00","9.2","293","1012.3","100","17.8","14.8","169.0","13.8","8.3","45.0","78"
"Karachi","24.8607","67.0011","2026-03-23T05:00","23.2","87","0.00","9.0","293","1012.2","100","19.9","16.4","200.0","15.1","9.4","40.0","77"
"Karachi","24.8607","67.0011","2026-03-23T06:00","23.2","87","0.00","9.1","284","1012.7","98","18.9","15.7","349.0","16.5","10.4","40.0","77"
"Karachi","24.8607","67.0011","2026-03-23T07:00","23.1","89","0.00","7.5","294","1013.0","72","20.1","17.0","552.0","18.2","12.0","41.0","76"
"Karachi","24.8607","67.0011","2026-03-23T08:00","24.2","83","0.00","7.5","307","1013.5","31","20.4","16.4","662.0","18.3","14.1","47.0","75"
"Karachi","24.8607","67.0011","2026-03-23T09:00","25.9","72","0.00","7.3","300","1013.6","95","19.8","14.8","583.0","15.4","17.5","64.0","74"
"Karachi","24.8607","67.0011","2026-03-23T10:00","27.6","59","0.00","7.9","286","1013.8","96","21.9","14.2","411.0","10.8","21.4","86.0","73"
"Karachi","24.8607","67.0011","2026-03-23T11:00","29.2","49","0.00","8.6","269","1013.9","8","22.9","13.4","277.0","7.2","23.7","103.0","72"
"Karachi","24.8607","67.0011","2026-03-23T12:00","30.3","45","0.00","10.3","258","1013.3","8","23.8","12.7","236.0","5.3","22.8","112.0","70"
"Karachi","24.8607","67.0011","2026-03-23T13:00","30.7","45","0.00","12.7","254","1012.4","63","24.3","12.3","234.0","4.2","20.3","115.0","69"
"Karachi","24.8607","67.0011","2026-03-23T14:00","30.2","48","0.00","15.4","252","1011.6","41","24.1","12.0","245.0","4.1","18.4","115.0","68"
"Karachi","24.8607","67.0011","2026-03-23T15:00","29.6","51","0.00","15.2","253","1010.8","33","24.4","11.9","261.0","4.8","18.3","111.0","66"
"Karachi","24.8607","67.0011","2026-03-23T16:00","29.3","51","0.00","14.8","257","1010.2","32","25.4","12.1","290.0","6.3","18.9","103.0","65"
"Karachi","24.8607","67.0011","2026-03-23T17:00","28.1","55","0.00","12.6","260","1010.4","100","18.0","10.3","324.0","9.9","19.1","96.0","64"
"Karachi","24.8607","67.0011","2026-03-23T18:00","27.1","61","0.00","12.9","261","1010.8","100","17.3","11.1","370.0","18.0","17.6","79.0","63"
"Karachi","24.8607","67.0011","2026-03-23T19:00","25.8","73","0.00","9.9","258","1011.1","85","18.0","13.6","422.0","28.9","15.4","55.0","62"
"Karachi","24.8607","67.0011","2026-03-23T20:00","25.3","80","0.00","10.0","261","1011.8","42","18.7","13.6","453.0","35.4","13.5","39.0","61"
"Karachi","24.8607","67.0011","2026-03-23T21:00","24.9","85","0.00","9.0","265","1012.3","72","18.7","12.6","452.0","33.4","12.2","38.0","60"
"Karachi","24.8607","67.0011","2026-03-23T22:00","24.6","86","0.00","9.0","282","1012.5","67","18.2","11.7","430.0","27.1","11.3","45.0","59"
"Karachi","24.8607","67.0011","2026-03-23T23:00","24.5","89","0.00","9.5","281","1012.6","3","17.5","11.4","395.0","21.6","10.4","51.0","57"
"Karachi","24.8607","67.0011","2026-03-24T00:00","24.5","89","0.00","8.6","280","1012.2","16","16.6","11.3","337.0","18.8","9.6","52.0","56"
"Karachi","24.8607","67.0011","2026-03-24T01:00","24.4","91","0.00","8.1","276","1011.7","100","15.8","11.0","266.0","16.9","9.0","51.0","55"
"Karachi","24.8607","67.0011","2026-03-24T02:00","24.0","92","0.00","9.3","283","1011.4","13","14.7","10.4","213.0","15.0","8.5","50.0","54"
"Karachi","24.8607","67.0011","2026-03-24T03:00","23.8","94","0.00","9.6","290","1011.3","100","13.4","9.5","184.0","12.3","8.0","50.0","53"
"Karachi","24.8607","67.0011","2026-03-24T04:00","24.0","92","0.00","8.4","293","1011.0","98","12.5","8.6","173.0","9.6","7.7","50.0","52"
"Karachi","24.8607","67.0011","2026-03-24T05:00","24.1","93","0.00","8.2","285","1010.5","100","11.1","8.2","195.0","9.4","7.8","48.0","51"
"Karachi","24.8607","67.0011","2026-03-24T06:00","24.1","93","0.00","10.2","288","1010.9","100","12.5","8.7","281.0","13.2","8.4","43.0","51"
"Karachi","24.8607","67.0011","2026-03-24T07:00","24.1","92","0.00","10.6","291","1011.4","100","15.7","11.4","399.0","18.3","9.4","38.0","50"
"Karachi","24.8607","67.0011","2026-03-24T08:00","25.0","84","0.00","11.5","295","1012.3","100","18.7","13.2","467.0","21.7","11.3","37.0","49"
"Karachi","24.8607","67.0011","2026-03-24T09:00","26.4","74","0.00","9.3","299","1012.7","99","22.1","14.8","431.0","22.1","14.8","44.0","49"
"Karachi","24.8607","67.0011","2026-03-24T10:00","28.2","60","0.00","9.9","297","1012.8","100","26.6","15.5","344.0","20.8","19.2","56.0","49"
"Karachi","24.8607","67.0011","2026-03-24T11:00","29.8","50","0.00","7.4","274","1012.5","100","32.2","17.3","286.0","18.6","22.7","72.0","49"
"Karachi","24.8607","67.0011","2026-03-24T12:00","29.0","49","0.00","7.6","282","1011.5","100","35.9","17.8","294.0","14.8","24.7","97.0","50"
"Karachi","24.8607","67.0011","2026-03-24T13:00","29.6","46","0.00","7.7","258","1010.8","97","36.9","17.9","330.0","10.1","25.8","126.0","50"
"Karachi","24.8607","67.0011","2026-03-24T14:00","29.5","52","0.00","11.5","256","1010.2","100","37.1","19.3","360.0","7.1","25.9","142.0","51"
"Karachi","24.8607","67.0011","2026-03-24T15:00","28.6","61","0.00","13.1","257","1009.7","82","36.6","20.1","367.0","6.5","24.5","138.0","51"
"Karachi","24.8607","67.0011","2026-03-24T16:00","29.4","55","0.00","10.0","244","1008.9","100","33.6","18.5","368.0","7.6","22.1","121.0","52"
"Karachi","24.8607","67.0011","2026-03-24T17:00","29.2","61","0.00","10.2","246","1008.8","3","28.7","16.2","385.0","11.3","24.6","115.0","53"
"Karachi","24.8607","67.0011","2026-03-24T18:00","27.9","65","0.00","11.4","257","1009.0","2","27.6","16.7","439.0","16.7","21.5","93.0","53"
"Karachi","24.8607","67.0011","2026-03-24T19:00","26.7","73","0.00","9.6","261","1009.4","0","23.5","16.5","509.0","24.1","17.1","62.0","59"
"Karachi","24.8607","67.0011","2026-03-24T20:00","26.0","82","0.00","8.0","264","1010.0","37","22.1","14.8","556.0","28.6","13.6","40.0","57"
"Karachi","24.8607","67.0011","2026-03-24T21:00","25.5","87","0.00","9.4","271","1010.9","91","21.9","14.5","572.0","27.9","11.9","35.0","54"
"Karachi","24.8607","67.0011","2026-03-24T22:00","25.2","89","0.00","9.8","287","1011.2","78","21.9","14.0","565.0","24.3","11.0","39.0","54"
"Karachi","24.8607","67.0011","2026-03-24T23:00","25.2","90","0.00","12.0","284","1011.2","100","22.3","13.5","524.0","20.3","10.2","43.0","54"
"Karachi","24.8607","67.0011","2026-03-25T00:00","25.2","91","0.00","14.4","278","1011.2","78","22.9","13.2","421.0","16.4","9.0","46.0","55"
"Karachi","24.8607","67.0011","2026-03-25T01:00","25.2","91","0.00","13.1","285","1010.7","33","23.1","12.6","283.0","12.1","7.9","49.0","55"
"Karachi","24.8607","67.0011","2026-03-25T02:00","24.9","92","0.00","11.8","286","1010.4","77","22.0","11.9","183.0","8.7","7.1","52.0","55"
"Karachi","24.8607","67.0011","2026-03-25T03:00","24.8","91","0.00","12.5","288","1010.1","100","19.9","11.1","131.0","6.2","6.5","54.0","55"
"Karachi","24.8607","67.0011","2026-03-25T04:00","24.9","88","0.00","12.1","293","1010.1","100","19.3","10.7","116.0","4.7","6.2","56.0","55"
"Karachi","24.8607","67.0011","2026-03-25T05:00","24.3","86","0.00","6.6","349","1009.0","100","18.9","11.3","183.0","7.6","7.6","49.0","55"
"Karachi","24.8607","67.0011","2026-03-25T06:00","24.0","88","0.00","7.1","285","1009.7","100","21.8","12.2","423.0","12.5","9.0","43.0","56"
"Karachi","24.8607","67.0011","2026-03-25T07:00","24.0","86","0.00","8.4","279","1010.5","81","27.0","15.9","744.0","19.0","11.1","36.0","56"
"Karachi","24.8607","67.0011","2026-03-25T08:00","25.2","78","0.00","7.0","280","1011.1","1","35.3","19.4","912.0","22.1","13.4","36.0","56"
"Karachi","24.8607","67.0011","2026-03-25T09:00","27.5","61","0.00","8.5","283","1011.3","0","53.4","21.0","773.0","18.6","16.5","50.0","57"
"Karachi","24.8607","67.0011","2026-03-25T10:00","29.5","46","0.00","9.0","270","1011.7","45","65.7","22.3","480.0","11.8","19.7","71.0","57"
"Karachi","24.8607","67.0011","2026-03-25T11:00","30.0","46","0.00","12.5","247","1011.8","15","72.6","23.8","258.0","6.4","21.2","87.0","58"
"Karachi","24.8607","67.0011","2026-03-25T12:00","30.5","43","0.00","15.0","244","1011.7","61","72.9","23.7","200.0","4.1","19.1","91.0","59"
"Karachi","24.8607","67.0011","2026-03-25T13:00","30.5","41","0.00","14.1","239","1010.8","92","73.6","23.6","212.0","3.2","15.2","90.0","59"
"Karachi","24.8607","67.0011","2026-03-25T14:00","30.3","40","0.00","15.7","240","1010.4","99","75.2","23.5","235.0","3.3","12.5","86.0","60"
"Karachi","24.8607","67.0011","2026-03-25T15:00","30.0","39","0.00","13.7","243","1009.8","100","75.9","23.6","253.0","3.5","12.5","81.0","60"
"Karachi","24.8607","67.0011","2026-03-25T16:00","29.4","43","0.00","13.6","239","1009.3","100","75.9","23.9","282.0","4.6","13.7","73.0","60"
"Karachi","24.8607","67.0011","2026-03-25T17:00","28.0","58","0.00","13.1","240","1009.2","61","71.0","22.5","315.0","7.9","13.6","63.0","61"
"Karachi","24.8607","67.0011","2026-03-25T18:00","26.9","68","0.00","12.5","242","1009.4","91","67.3","23.2","353.0","16.5","14.1","51.0","61"
"Karachi","24.8607","67.0011","2026-03-25T19:00","26.0","76","0.00","10.3","241","1010.1","82","58.2","25.1","395.0","28.4","14.8","35.0","62"
"Karachi","24.8607","67.0011","2026-03-25T20:00","26.0","75","0.00","10.5","246","1010.8","98","57.0","27.5","432.0","38.1","15.4","22.0","63"
"Karachi","24.8607","67.0011","2026-03-25T21:00","25.9","71","0.00","10.5","251","1011.3","84","56.5","29.7","466.0","43.6","15.8","15.0","64"
"Karachi","24.8607","67.0011","2026-03-25T22:00","25.6","73","0.00","8.4","251","1011.4","100","55.9","31.0","497.0","46.9","16.0","12.0","65"
"Karachi","24.8607","67.0011","2026-03-25T23:00","25.7","73","0.00","6.9","253","1011.5","100","55.5","31.7","510.0","47.7","15.7","11.0","67"
"Karachi","24.8607","67.0011","2026-03-26T00:00","25.6","74","0.00","8.6","254","1011.5","95","54.1","31.0","502.0","45.4","14.6","13.0","68"
"Karachi","24.8607","67.0011","2026-03-26T01:00","25.4","75","0.00","6.1","258","1011.0","100","51.7","29.7","478.0","40.6","13.1","17.0","70"
"Karachi","24.8607","67.0011","2026-03-26T02:00","25.2","77","0.00","6.2","262","1010.9","97","48.9","28.2","437.0","35.1","11.7","22.0","71"
"Karachi","24.8607","67.0011","2026-03-26T03:00","25.1","77","0.00","7.5","278","1011.4","52","45.8","26.4","358.0","28.1","10.4","29.0","73"
"Karachi","24.8607","67.0011","2026-03-26T04:00","24.8","78","0.00","6.5","289","1011.3","100","42.7","23.8","263.0","20.4","9.3","38.0","74"
"Karachi","24.8607","67.0011","2026-03-26T05:00","24.8","80","0.00","9.7","274","1011.7","100","37.5","21.4","218.0","16.3","9.2","38.0","75"
"Karachi","24.8607","67.0011","2026-03-26T06:00","25.0","78","0.00","11.7","288","1012.8","100","37.0","21.8","277.0","22.8","10.3","32.0","76"
"Karachi","24.8607","67.0011","2026-03-26T07:00","25.0","78","0.00","9.7","301","1013.0","100","40.0","25.5","386.0","31.3","11.9","23.0","77"
"Karachi","24.8607","67.0011","2026-03-26T08:00","24.8","78","0.10","9.4","318","1013.8","100","43.9","27.6","448.0","34.9","14.2","24.0","78"
"Karachi","24.8607","67.0011","2026-03-26T09:00","25.3","75","0.00","6.4","317","1014.2","37","47.8","25.4","408.0","28.7","18.0","41.0","79"
"Karachi","24.8607","67.0011","2026-03-26T10:00","28.0","60","0.00","6.8","282","1014.4","4","49.2","24.3","321.0","17.5","22.5","66.0","79"
"Karachi","24.8607","67.0011","2026-03-26T11:00","29.8","50","0.00","10.1","264","1013.8","4","53.9","25.1","252.0","8.7","25.3","87.0","79"
"Karachi","24.8607","67.0011","2026-03-26T12:00","30.3","47","0.00","15.2","256","1013.6","100","60.5","27.5","224.0","5.3","24.9","102.0","79"
"Karachi","24.8607","67.0011","2026-03-26T13:00","30.1","48","0.00","16.0","258","1013.4","99","61.7","27.4","214.0","4.2","22.8","113.0","80"
"Karachi","24.8607","67.0011","2026-03-26T14:00","30.2","46","0.00","15.3","253","1012.8","97","58.9","26.1","217.0","4.2","20.9","117.0","80"
"Karachi","24.8607","67.0011","2026-03-26T15:00","29.6","50","0.00","15.0","244","1011.9","100","55.8","24.8","238.0","4.4","19.9","111.0","80"
"Karachi","24.8607","67.0011","2026-03-26T16:00","29.0","52","0.00","12.9","247","1011.1","78","51.9","23.4","272.0","5.6","19.2","99.0","80"
"Karachi","24.8607","67.0011","2026-03-26T17:00","28.3","52","0.00","12.3","267","1011.9","93","33.5","15.6","303.0","7.9","16.6","77.0","80"
"Karachi","24.8607","67.0011","2026-03-26T18:00","27.5","56","0.00","11.2","267","1012.1","23","31.4","16.1","323.0","13.6","16.4","65.0","80"
"Karachi","24.8607","67.0011","2026-03-26T19:00","26.4","64","0.00","9.4","252","1012.2","74","28.3","17.6","340.0","21.5","16.0","48.0","79"
"Karachi","24.8607","67.0011","2026-03-26T20:00","25.7","71","0.00","7.3","260","1013.0","100","28.9","18.5","354.0","27.7","15.6","35.0","78"
"Karachi","24.8607","67.0011","2026-03-26T21:00","25.4","75","0.00","6.1","268","1013.6","92","29.1","19.5","371.0","31.2","15.3","29.0","78"
"Karachi","24.8607","67.0011","2026-03-26T22:00","25.1","77","0.00","6.9","279","1014.1","98","29.4","20.5","385.0","33.0","15.0","26.0","77"
"Karachi","24.8607","67.0011","2026-03-26T23:00","25.4","81","0.00","8.2","244","1014.3","7","29.3","20.7","386.0","32.7","14.3","26.0","76"
"Karachi","24.8607","67.0011","2026-03-27T00:00","25.4","81","0.00","7.9","249","1013.7","3","28.8","20.7","363.0","29.1","13.0","29.0","75"
"Karachi","24.8607","67.0011","2026-03-27T01:00","25.1","83","0.00","6.5","294","1013.3","0","27.4","19.4","326.0","23.3","11.3","35.0","74"
"Karachi","24.8607","67.0011","2026-03-27T02:00","24.6","85","0.00","7.0","312","1012.7","0","25.4","17.5","293.0","18.2","9.9","40.0","73"
"Karachi","24.8607","67.0011","2026-03-27T03:00","24.3","88","0.00","7.8","304","1012.2","8","23.4","15.8","254.0","14.3","8.9","43.0","72"
"Karachi","24.8607","67.0011","2026-03-27T04:00","24.0","90","0.00","7.9","313","1011.9","0","21.2","14.6","219.0","11.0","8.1","45.0","71"
"Karachi","24.8607","67.0011","2026-03-27T05:00","23.6","93","0.00","6.2","339","1012.4","13","21.0","14.9","239.0","12.2","8.8","41.0","70"
"Karachi","24.8607","67.0011","2026-03-27T06:00","23.7","93","0.00","6.8","320","1012.8","1","19.6","14.5","372.0","13.9","9.8","40.0","70"
"Karachi","24.8607","67.0011","2026-03-27T07:00","23.7","93","0.00","7.5","310","1013.0","2","21.7","16.6","560.0","16.1","11.4","38.0","69"
"Karachi","24.8607","67.0011","2026-03-27T08:00","24.9","86","0.00","6.2","303","1013.7","5","23.1","16.8","678.0","16.7","13.6","43.0","68"
"Karachi","24.8607","67.0011","2026-03-27T09:00","26.7","75","0.00","5.1","342","1014.1","0","24.4","16.2","665.0","14.2","17.0","58.0","67"
"Karachi","24.8607","67.0011","2026-03-27T10:00","28.6","60","0.00","1.5","54","1014.2","0","27.4","16.5","583.0","10.0","21.0","78.0","66"
"Karachi","24.8607","67.0011","2026-03-27T11:00","30.0","54","0.00","3.9","208","1014.0","0","28.3","16.5","494.0","6.7","23.8","96.0","66"
"Karachi","24.8607","67.0011","2026-03-27T12:00","30.8","52","0.00","11.8","230","1013.6","62","29.0","16.6","406.0","5.1","24.6","111.0","65"
"Karachi","24.8607","67.0011","2026-03-27T13:00","30.7","52","0.00","13.3","249","1012.8","13","33.5","18.2","311.0","4.4","24.1","124.0","64"
"Karachi","24.8607","67.0011","2026-03-27T14:00","31.0","49","0.00","15.3","249","1012.0","5","38.9","19.3","245.0","4.3","22.6","127.0","63"
"Karachi","24.8607","67.0011","2026-03-27T15:00","30.1","54","0.00","18.2","250","1011.4","12","30.0","16.6","229.0","4.7","19.7","113.0","63"
"Karachi","24.8607","67.0011","2026-03-27T16:00","28.9","59","0.00","19.7","260","1010.8","9","21.9","11.8","241.0","5.8","15.8","90.0","62"
"Karachi","24.8607","67.0011","2026-03-27T17:00","27.8","66","0.00","20.6","264","1010.9","89","3.9","3.7","254.0","7.0","13.3","72.0","61"
"Karachi","24.8607","67.0011","2026-03-27T18:00","27.0","70","0.00","17.6","264","1010.4","100","3.7","3.5","261.0","10.6","12.9","63.0","60"
"Karachi","24.8607","67.0011","2026-03-27T19:00","26.2","75","0.00","12.7","259","1010.0","100","5.0","4.5","268.0","15.7","12.3","50.0","59"
"Karachi","24.8607","67.0011","2026-03-27T20:00","25.8","81","0.00","15.0","260","1010.2","100","7.4","6.1","269.0","19.2","11.8","41.0","58"
"Karachi","24.8607","67.0011","2026-03-27T21:00","25.6","81","0.00","15.0","264","1010.3","21","10.0","6.7","262.0","20.3","11.7","37.0","56"
"Karachi","24.8607","67.0011","2026-03-27T22:00","25.4","83","0.00","12.7","258","1010.0","77","13.2","7.6","249.0","19.9","11.6","37.0","55"
"Karachi","24.8607","67.0011","2026-03-27T23:00","25.4","84","0.00","12.4","256","1009.6","84","15.3","8.0","231.0","18.3","11.1","38.0","54"
"Karachi","24.8607","67.0011","2026-03-28T00:00","25.2","86","0.00","15.8","262","1009.3","76","14.6","7.1","202.0","14.7","9.7","42.0","53"
"Karachi","24.8607","67.0011","2026-03-28T01:00","25.1","87","0.00","19.1","271","1009.2","64","12.2","5.7","167.0","9.9","7.8","48.0","52"
"Karachi","24.8607","67.0011","2026-03-28T02:00","25.0","87","0.00","18.0","274","1008.4","20","9.6","4.7","141.0","6.2","6.4","52.0","51"
"Karachi","24.8607","67.0011","2026-03-28T03:00","24.8","87","0.00","15.1","271","1007.5","13","7.0","4.3","127.0","4.5","5.8","52.0","49"
"Karachi","24.8607","67.0011","2026-03-28T04:00","24.8","87","0.00","14.8","274","1007.2","43","7.0","4.5","123.0","3.9","5.6","51.0","47"
"Karachi","24.8607","67.0011","2026-03-28T05:00","25.0","83","0.00","15.2","276","1007.7","34","6.2","4.3","136.0","5.0","6.4","49.0","45"
"Karachi","24.8607","67.0011","2026-03-28T06:00","25.0","82","0.00","14.3","282","1007.9","39","8.2","4.8","182.0","6.4","6.9","48.0","43"
"Karachi","24.8607","67.0011","2026-03-28T07:00","25.1","80","0.00","14.5","282","1008.2","91","12.0","6.5","246.0","8.2","7.6","46.0","42"
"Karachi","24.8607","67.0011","2026-03-28T08:00","26.1","73","0.00","20.8","280","1008.6","84","17.2","8.3","283.0","8.9","8.4","48.0","40"
"Karachi","24.8607","67.0011","2026-03-28T09:00","27.2","66","0.00","23.2","280","1009.3","82","19.7","8.4","269.0","7.5","9.2","56.0","39"
"Karachi","24.8607","67.0011","2026-03-28T10:00","28.0","64","0.00","22.9","275","1009.7","79","23.6","9.1","228.0","5.1","10.1","67.0","37"
"Karachi","24.8607","67.0011","2026-03-28T11:00","29.0","54","0.00","19.1","267","1009.1","80","26.3","10.2","198.0","3.3","10.6","76.0","36"
"Karachi","24.8607","67.0011","2026-03-28T12:00","29.5","55","0.00","20.7","268","1008.8","41","29.3","11.1","191.0","2.7","10.7","81.0","35"
"Karachi","24.8607","67.0011","2026-03-28T13:00","30.2","48","0.00","21.3","272","1007.8","100","34.7","11.8","194.0","2.8","10.5","83.0","34"
"Karachi","24.8607","67.0011","2026-03-28T14:00","30.1","47","0.00","22.8","277","1007.3","45","41.2","12.8","202.0","3.1","10.2","82.0","33"
"Karachi","24.8607","67.0011","2026-03-28T15:00","29.4","50","0.00","23.4","267","1007.0","100","48.2","13.1","219.0","3.5","9.8","76.0","32"
"Karachi","24.8607","67.0011","2026-03-28T16:00","28.0","62","0.00","21.3","264","1006.4","98","51.3","12.0","240.0","4.2","9.3","66.0","33"
"Karachi","24.8607","67.0011","2026-03-28T17:00","27.8","60","0.00","20.8","264","1005.6","100","37.5","9.2","252.0","6.1","9.3","58.0","34"
"Karachi","24.8607","67.0011","2026-03-28T18:00","27.0","66","0.00","19.5","259","1005.7","100","24.6","7.2","245.0","7.6","9.1","53.0","34"
"Karachi","24.8607","67.0011","2026-03-28T19:00","26.3","72","0.00","20.4","261","1005.8","100","12.7","6.4","228.0","9.7","8.8","47.0","33"
"Karachi","24.8607","67.0011","2026-03-28T20:00","26.0","72","0.00","20.8","256","1006.1","100","9.9","6.3","214.0","10.9","8.5","43.0","33"
"Karachi","24.8607","67.0011","2026-03-28T21:00","25.9","71","0.00","20.9","255","1006.7","100","10.2","6.2","210.0","10.6","8.3","44.0","33"
"Karachi","24.8607","67.0011","2026-03-28T22:00","25.8","70","0.00","20.8","260","1006.9","100","17.5","7.4","209.0","9.4","8.1","47.0","33"
"Karachi","24.8607","67.0011","2026-03-28T23:00","26.1","68","0.00","19.8","267","1006.8","100","37.8","12.1","203.0","8.0","7.7","54.0","33"
"Karachi","24.8607","67.0011","2026-03-29T00:00","26.0","66","0.00","19.3","268","1006.5","90","55.8","18.2","185.0","6.5","7.0","66.0","34"
"Karachi","24.8607","67.0011","2026-03-29T01:00","25.5","67","0.00","19.4","269","1006.3","100","60.8","22.2","161.0","4.9","6.1","81.0","36"
"Karachi","24.8607","67.0011","2026-03-29T02:00","25.2","72","0.00","18.7","268","1006.0","100","56.2","22.5","145.0","3.7","5.5","93.0","38"
"Karachi","24.8607","67.0011","2026-03-29T03:00","25.1","68","0.00","19.6","272","1005.8","95","49.0","20.7","137.0","3.0","5.2","97.0","41"
"Karachi","24.8607","67.0011","2026-03-29T04:00","24.9","70","0.00","19.7","274","1005.7","99","43.5","18.8","138.0","2.8","5.0","98.0","44"
"Karachi","24.8607","67.0011","2026-03-29T05:00","24.5","73","0.00","19.7","276","1005.5","33","38.2","17.8","157.0","3.6","5.6","96.0","47"
"Karachi","24.8607","67.0011","2026-03-29T06:00","24.8","71","0.00","18.9","273","1006.0","0","36.9","17.0","217.0","5.6","6.7","96.0","49"
"Karachi","24.8607","67.0011","2026-03-29T07:00","24.7","69","0.00","17.8","272","1006.6","47","36.6","17.5","297.0","8.2","8.1","96.0","51"
"Karachi","24.8607","67.0011","2026-03-29T08:00","25.6","62","0.00","18.6","267","1007.5","0","40.3","18.0","342.0","9.5","9.4","100.0","52"
"Karachi","24.8607","67.0011","2026-03-29T09:00","26.8","54","0.00","18.7","263","1008.5","0","36.2","16.4","320.0","8.2","10.2","112.0","52"
"Karachi","24.8607","67.0011","2026-03-29T10:00","28.0","44","0.00","18.4","259","1009.2","5","31.0","14.8","264.0","5.6","10.8","129.0","53"
"Karachi","24.8607","67.0011","2026-03-29T11:00","28.5","55","0.00","19.4","249","1009.3","25","29.2","13.4","222.0","3.6","11.2","141.0","54"
"Karachi","24.8607","67.0011","2026-03-29T12:00","29.1","53","0.00","21.5","247","1009.4","5","33.2","13.6","211.0","3.0","11.3","144.0","54"
"Karachi","24.8607","67.0011","2026-03-29T13:00","29.0","53","0.00","20.1","245","1009.0","0","40.2","14.7","213.0","3.0","11.2","143.0","61"
"Karachi","24.8607","67.0011","2026-03-29T14:00","29.1","48","0.00","19.7","250","1008.2","0","47.7","15.9","222.0","3.3","11.1","140.0","71"
"Karachi","24.8607","67.0011","2026-03-29T15:00","28.9","43","0.00","19.3","250","1007.6","2","56.1","17.1","240.0","3.7","10.9","137.0","80"
"Karachi","24.8607","67.0011","2026-03-29T16:00","28.5","39","0.00","18.7","252","1007.1","11","67.3","18.7","266.0","4.5","10.7","132.0","89"
"Karachi","24.8607","67.0011","2026-03-29T17:00","27.7","42","0.00","17.7","251","1007.1","22","73.8","18.9","290.0","6.2","10.8","124.0","96"
"Karachi","24.8607","67.0011","2026-03-29T18:00","26.8","50","0.00","17.3","241","1007.4","77","68.7","18.9","311.0","9.7","11.5","119.0","98"
"Karachi","24.8607","67.0011","2026-03-29T19:00","26.0","56","0.00","18.8","250","1008.0","88","55.1","18.1","330.0","14.5","12.5","111.0","96"
"Karachi","24.8607","67.0011","2026-03-29T20:00","25.6","62","0.00","12.7","240","1008.1","28","45.3","18.5","339.0","17.9","13.0","105.0","90"
"Karachi","24.8607","67.0011","2026-03-29T21:00","25.3","65","0.00","13.3","235","1008.0","33","42.4","18.7","337.0","19.0","12.6","101.0","82"
"Karachi","24.8607","67.0011","2026-03-29T22:00","25.0","68","0.00","13.8","242","1008.2","0","42.5","19.1","325.0","18.7","11.7","99.0","73"
"Karachi","24.8607","67.0011","2026-03-29T23:00","25.1","64","0.00","12.6","233","1008.2","0","45.1","19.8","304.0","17.6","10.6","98.0","64"
"Karachi","24.8607","67.0011","2026-03-30T00:00","25.4","65","0.00","12.9","229","1007.8","0","48.1","20.3","266.0","15.4","9.4","99.0","63"
"Karachi","24.8607","67.0011","2026-03-30T01:00","25.5","58","0.00","14.4","239","1007.4","0","50.5","20.3","219.0","12.3","8.1","102.0","63"
"Karachi","24.8607","67.0011","2026-03-30T02:00","25.1","60","0.00","14.7","245","1007.0","0","51.3","20.1","185.0","9.8","7.1","105.0","63"
"Karachi","24.8607","67.0011","2026-03-30T03:00","24.9","65","0.00","15.1","255","1007.0","1","49.7","19.7","170.0","8.1","6.6","108.0","62"
"Karachi","24.8607","67.0011","2026-03-30T04:00","24.8","66","0.00","14.7","262","1007.1","26","44.7","18.9","169.0","6.9","6.5","110.0","62"
"Karachi","24.8607","67.0011","2026-03-30T05:00","24.0","62","0.00","14.2","272","1007.0","1","36.4","17.1","189.0","5.7","6.5","115.0","62"
"Karachi","24.8607","67.0011","2026-03-30T06:00","23.8","62","0.00","14.2","269","1007.5","0","32.7","17.1","254.0","7.3","8.0","115.0","62"
"Karachi","24.8607","67.0011","2026-03-30T07:00","23.8","63","0.00","13.9","266","1008.3","0","33.1","19.0","342.0","9.4","10.0","116.0","62"
"Karachi","24.8607","67.0011","2026-03-30T08:00","24.6","61","0.00","15.4","265","1009.1","3","39.8","20.3","389.0","10.3","11.5","119.0","62"
"Karachi","24.8607","67.0011","2026-03-30T09:00","25.7","56","0.00","14.6","260","1010.1","4","41.6","20.2","357.0","8.7","12.1","127.0","63"
"Karachi","24.8607","67.0011","2026-03-30T10:00","26.5","50","0.00","13.2","255","1010.5","5","43.2","20.5","284.0","5.8","12.2","138.0","63"
"Karachi","24.8607","67.0011","2026-03-30T11:00","27.5","48","0.00","15.3","257","1011.0","12","44.6","20.7","230.0","3.6","12.1","145.0","68"
"Karachi","24.8607","67.0011","2026-03-30T12:00","27.9","43","0.00","15.7","253","1011.0","6","45.1","20.3","217.0","2.8","11.7","147.0","76"
"Karachi","24.8607","67.0011","2026-03-30T13:00","28.2","40","0.00","16.5","250","1010.6","1","45.9","19.6","222.0","2.7","11.2","145.0","84"
"Karachi","24.8607","67.0011","2026-03-30T14:00","28.2","38","0.00","15.7","246","1009.4","0","45.8","19.2","232.0","3.1","11.0","143.0","90"
"Karachi","24.8607","67.0011","2026-03-30T15:00","28.0","38","0.00","16.3","247","1008.7","5","44.8","18.7","245.0","3.6","11.4","141.0","96"
"Karachi","24.8607","67.0011","2026-03-30T16:00","27.5","39","0.00","15.4","251","1007.9","0","43.3","18.1","264.0","4.6","12.2","138.0","102"
"Karachi","24.8607","67.0011","2026-03-30T17:00","26.6","42","0.00","15.6","248","1008.1","0","34.0","14.5","286.0","6.6","13.0","133.0","106"
"Karachi","24.8607","67.0011","2026-03-30T18:00","25.7","47","0.00","14.6","254","1008.2","20","34.8","15.5","314.0","10.4","13.7","124.0","107"
"Karachi","24.8607","67.0011","2026-03-30T19:00","24.8","54","0.00","13.9","256","1008.3","100","34.2","17.9","346.0","15.5","14.6","110.0","104"
"Karachi","24.8607","67.0011","2026-03-30T20:00","24.6","57","0.00","15.2","260","1009.1","95","39.9","20.1","366.0","18.9","15.0","101.0","96"
"Karachi","24.8607","67.0011","2026-03-30T21:00","24.5","60","0.00","13.7","265","1009.6","100","42.5","20.4","371.0","19.2","14.7","98.0","87"
"Karachi","24.8607","67.0011","2026-03-30T22:00","24.4","60","0.00","12.8","268","1010.0","98","43.4","21.3","366.0","17.9","13.9","99.0","77"
"Karachi","24.8607","67.0011","2026-03-30T23:00","24.1","57","0.00","11.4","275","1009.6","32","44.9","22.1","347.0","16.0","12.8","101.0","67"
"Karachi","24.8607","67.0011","2026-03-31T00:00","24.0","58","0.00","11.5","271","1009.6","68","47.5","22.5","306.0","13.5","11.4","104.0","65"
"Karachi","24.8607","67.0011","2026-03-31T01:00","23.9","61","0.00","11.3","271","1009.1","100","51.8","23.1","251.0","10.5","9.7","108.0","66"
"Karachi","24.8607","67.0011","2026-03-31T02:00","23.9","61","0.00","12.8","280","1008.5","100","57.2","24.1","212.0","8.2","8.4","111.0","66"
"Karachi","24.8607","67.0011","2026-03-31T03:00","23.7","59","0.00","12.9","285","1008.2","68","62.2","25.2","184.0","6.2","7.7","112.0","66"
"Karachi","24.8607","67.0011","2026-03-31T04:00","23.4","62","0.00","12.6","289","1008.4","50","62.6","25.5","172.0","5.0","7.4","111.0","67"
"Karachi","24.8607","67.0011","2026-03-31T05:00","23.4","64","0.00","8.2","285","1008.1","99","53.2","23.0","214.0","5.5","7.3","114.0","67"
"Karachi","24.8607","67.0011","2026-03-31T06:00","23.4","65","0.00","9.3","280","1008.9","97","52.4","23.4","378.0","11.9","8.5","106.0","68"
"Karachi","24.8607","67.0011","2026-03-31T07:00","23.5","64","0.00","8.7","283","1009.8","100","53.1","26.6","597.0","20.5","10.1","94.0","68"
"Karachi","24.8607","67.0011","2026-03-31T08:00","24.5","60","0.00","8.9","277","1010.7","99","56.1","27.9","709.0","24.8","11.8","91.0","69"
"Karachi","24.8607","67.0011","2026-03-31T09:00","25.8","52","0.00","10.2","263","1011.3","91","58.9","24.7","608.0","20.6","13.5","103.0","70"
"Karachi","24.8607","67.0011","2026-03-31T10:00","26.6","47","0.00","11.3","241","1011.7","100","55.4","23.8","402.0","12.2","15.2","122.0","70"
"Karachi","24.8607","67.0011","2026-03-31T11:00","26.5","45","0.00","12.3","233","1011.7","100","53.3","23.7","247.0","5.8","16.2","136.0","70"
"Karachi","24.8607","67.0011","2026-03-31T12:00","27.2","45","0.00","12.4","230","1011.2","100","50.4","22.8","214.0","4.0","16.1","140.0","71"
"Karachi","24.8607","67.0011","2026-03-31T13:00","27.4","45","0.00","12.4","230","1010.8","100","48.7","22.3","233.0","4.1","15.3","140.0","71"
"Karachi","24.8607","67.0011","2026-03-31T14:00","27.3","46","0.00","12.5","235","1009.8","100","47.4","22.3","255.0","4.6","14.5","138.0","71"
"Karachi","24.8607","67.0011","2026-03-31T15:00","27.4","45","0.00","13.7","237","1009.1","100","45.8","22.3","266.0","4.8","13.7","137.0","72"
"Karachi","24.8607","67.0011","2026-03-31T16:00","27.2","46","0.00","14.6","241","1008.4","78","43.3","21.5","281.0","5.3","12.9","135.0","81"
"Karachi","24.8607","67.0011","2026-03-31T17:00","26.5","49","0.00","13.1","251","1008.4","77","39.2","19.7","293.0","6.8","13.5","132.0","90"
"Karachi","24.8607","67.0011","2026-03-31T18:00","25.8","55","0.00","14.3","252","1008.8","99","38.6","20.0","292.0","9.3","13.6","126.0","96"
"Karachi","24.8607","67.0011","2026-03-31T19:00","25.1","58","0.00","13.9","259","1009.5","100","36.9","20.7","289.0","12.9","13.8","118.0","97"
"Karachi","24.8607","67.0011","2026-03-31T20:00","25.0","57","0.00","13.0","256","1009.7","100","41.0","22.5","309.0","16.5","14.0","110.0","93"
"Karachi","24.8607","67.0011","2026-03-31T21:00","25.0","56","0.00","12.2","270","1010.5","100","45.3","24.5","385.0","20.4","14.4","101.0","87"
"Karachi","24.8607","67.0011","2026-03-31T22:00","24.7","58","0.00","9.2","277","1010.7","100","48.5","26.6","484.0","24.3","14.7","92.0","79"
"Karachi","24.8607","67.0011","2026-03-31T23:00","24.5","62","0.00","9.7","271","1010.9","100","51.3","28.9","538.0","25.9","14.5","87.0","74"
"Karachi","24.8607","67.0011","2026-04-01T00:00","24.5","64","0.00","8.9","276","1010.4","100","53.0","29.6","508.0","23.3","13.2","89.0","75"
"Karachi","24.8607","67.0011","2026-04-01T01:00","24.5","65","0.00","8.4","281","1010.0","99","51.9","27.8","432.0","18.4","11.4","94.0","75"
"Karachi","24.8607","67.0011","2026-04-01T02:00","24.0","68","0.00","7.3","286","1009.3","100","49.5","25.5","358.0","14.3","9.9","98.0","76"
"Karachi","24.8607","67.0011","2026-04-01T03:00","23.9","69","0.00","8.8","287","1008.9","100","45.8","23.6","281.0","11.6","9.0","98.0","76"
"Karachi","24.8607","67.0011","2026-04-01T04:00","23.4","72","0.00","8.4","290","1008.7","93","41.6","22.0","206.0","9.8","8.4","96.0","76"
"Karachi","24.8607","67.0011","2026-04-01T05:00","24.0","70","0.00","9.4","281","1009.0","100","39.5","21.8","197.0","11.7","8.5","91.0","76"
"Karachi","24.8607","67.0011","2026-04-01T06:00","23.9","70","0.00","10.1","281","1009.2","99","36.9","21.0","329.0","17.2","9.3","87.0","75"
"Karachi","24.8607","67.0011","2026-04-01T07:00","23.7","72","0.00","9.4","282","1009.6","100","38.2","23.7","527.0","24.5","10.6","82.0","75"
"Karachi","24.8607","67.0011","2026-04-01T08:00","24.9","67","0.00","9.9","279","1010.4","99","41.1","25.4","634.0","27.6","12.3","85.0","75"
"Karachi","24.8607","67.0011","2026-04-01T09:00","26.4","58","0.00","13.3","273","1011.0","100","40.0","21.7","552.0","22.5","15.0","102.0","75"
"Karachi","24.8607","67.0011","2026-04-01T10:00","27.4","53","0.00","13.4","263","1011.3","100","38.0","20.4","378.0","13.2","18.1","127.0","74"
"Karachi","24.8607","67.0011","2026-04-01T11:00","27.9","50","0.00","15.3","261","1011.6","100","37.0","19.8","249.0","6.1","19.9","144.0","74"
"Karachi","24.8607","67.0011","2026-04-01T12:00","28.5","48","0.00","14.9","258","1011.6","100","36.4","18.6","225.0","3.8","19.2","146.0","74"
"Karachi","24.8607","67.0011","2026-04-01T13:00","28.6","48","0.00","14.8","254","1010.8","100","35.6","16.9","245.0","3.7","17.2","141.0","73"
"Karachi","24.8607","67.0011","2026-04-01T14:00","29.0","44","0.00","13.3","257","1009.9","100","36.6","16.0","267.0","4.2","15.7","134.0","73"
"Karachi","24.8607","67.0011","2026-04-01T15:00","28.9","44","0.00","12.8","242","1008.6","100","34.9","14.8","277.0","4.8","15.6","126.0","72"
"Karachi","24.8607","67.0011","2026-04-01T16:00","28.0","50","0.00","14.9","242","1007.8","100","34.5","14.3","288.0","5.9","16.0","116.0","80"
"Karachi","24.8607","67.0011","2026-04-01T17:00","27.0","56","0.00","15.9","250","1008.5","96","43.4","18.1","300.0","8.2","16.6","105.0","87"
"Karachi","24.8607","67.0011","2026-04-01T18:00","26.2","60","0.00","15.4","259","1008.7","94","42.0","17.7","311.0","10.9","16.0","97.0","88"
"Karachi","24.8607","67.0011","2026-04-01T19:00","25.6","63","0.00","12.5","265","1009.1","96","39.8","17.9","322.0","14.8","15.0","85.0","81"
"Karachi","24.8607","67.0011","2026-04-01T20:00","25.2","66","0.00","12.3","273","1009.7","98","39.0","19.2","334.0","18.0","14.3","75.0","70"
"Karachi","24.8607","67.0011","2026-04-01T21:00","24.9","70","0.00","10.8","272","1010.3","100","39.0","20.0","357.0","20.1","14.0","70.0","70"
"Karachi","24.8607","67.0011","2026-04-01T22:00","24.7","73","0.00","9.1","279","1010.6","95","39.6","20.7","382.0","21.6","13.8","66.0","70"
"Karachi","24.8607","67.0011","2026-04-01T23:00","24.7","76","0.00","8.5","277","1010.1","19","40.0","21.3","381.0","22.2","13.4","64.0","69"
"Karachi","24.8607","67.0011","2026-04-02T00:00","24.9","77","0.00","11.5","272","1010.2","98","39.7","21.3","326.0","21.1","12.4","63.0","69"
"Karachi","24.8607","67.0011","2026-04-02T01:00","25.0","76","0.00","11.7","279","1010.4","100","38.9","20.7","245.0","19.1","11.1","62.0","68"
"Karachi","24.8607","67.0011","2026-04-02T02:00","24.5","78","0.00","7.7","282","1009.4","98","38.3","20.5","191.0","17.8","10.3","60.0","67"
"Karachi","24.8607","67.0011","2026-04-02T03:00","24.1","80","0.00","4.3","312","1009.2","100","38.8","21.0","181.0","17.7","10.1","55.0","67"
"Karachi","24.8607","67.0011","2026-04-02T04:00","23.6","83","0.00","6.5","337","1008.6","100","41.4","22.1","197.0","18.4","10.4","50.0","67"
"Karachi","24.8607","67.0011","2026-04-02T05:00","23.2","86","0.00","1.6","270","1009.3","100","36.1","18.7","239.0","14.3","9.5","58.0","67"
"Karachi","24.8607","67.0011","2026-04-02T06:00","23.4","85","0.00","1.2","231","1008.9","99","38.0","19.6","329.0","16.4","10.4","60.0","66"
"Karachi","24.8607","67.0011","2026-04-02T07:00","23.2","87","0.20","6.9","261","1009.8","100","42.6","22.9","445.0","19.3","11.9","63.0","66"
"Karachi","24.8607","67.0011","2026-04-02T08:00","23.8","79","0.30","12.8","286","1010.9","100","61.7","23.3","521.0","20.6","13.6","67.0","66"
"Karachi","24.8607","67.0011","2026-04-02T09:00","21.4","82","3.30","15.1","279","1012.3","100","69.2","24.2","522.0","19.0","15.8","71.0","66"
"Karachi","24.8607","67.0011","2026-04-02T10:00","21.5","81","0.10","10.7","210","1013.2","100","79.2","25.4","483.0","15.8","18.3","76.0","66"
"Karachi","24.8607","67.0011","2026-04-02T11:00","23.8","74","0.00","4.9","172","1012.7","100","95.9","27.5","447.0","13.1","20.8","82.0","67"
"Karachi","24.8607","67.0011","2026-04-02T12:00","24.2","72","0.00","8.7","175","1012.9","100","101.3","28.8","428.0","11.2","23.7","89.0","67"
"Karachi","24.8607","67.0011","2026-04-02T13:00","24.0","73","0.40","11.0","185","1012.1","100","110.8","31.5","413.0","9.8","26.5","97.0","68"
"Karachi","24.8607","67.0011","2026-04-02T14:00","24.2","75","0.20","10.7","207","1011.4","100","115.9","33.2","403.0","9.2","27.5","101.0","69"
"Karachi","24.8607","67.0011","2026-04-02T15:00","21.8","82","5.00","6.5","275","1011.2","100","114.8","32.8","400.0","9.4","25.1","99.0","71"
"Karachi","24.8607","67.0011","2026-04-02T16:00","23.9","73","0.00","8.3","214","1010.0","100","103.1","29.4","404.0","10.5","20.8","93.0","73"
"Karachi","24.8607","67.0011","2026-04-02T17:00","20.3","86","0.90","1.7","139","1010.7","100","59.5","21.0","413.0","11.5","14.9","90.0","74"
"Karachi","24.8607","67.0011","2026-04-02T18:00","20.5","86","0.00","7.2","183","1010.0","99","57.0","20.9","433.0","16.1","14.5","83.0","74"
"Karachi","24.8607","67.0011","2026-04-02T19:00","20.5","86","0.00","1.9","202","1009.7","79","51.7","21.2","460.0","22.4","14.1","73.0","74"
"Karachi","24.8607","67.0011","2026-04-02T20:00","20.5","85","0.00","1.6","84","1010.2","35","35.0","17.8","477.0","26.3","14.4","66.0","75"
"Karachi","24.8607","67.0011","2026-04-02T21:00","20.5","85","0.00","1.3","214","1010.8","94","25.6","12.4","467.0","25.2","16.2","66.0","75"
"Karachi","24.8607","67.0011","2026-04-02T22:00","20.5","87","0.00","4.4","328","1011.3","98","21.7","11.3","449.0","21.7","18.6","69.0","74"
"Karachi","24.8607","67.0011","2026-04-02T23:00","18.2","92","0.00","21.7","238","1011.9","100","21.1","12.0","462.0","19.3","20.2","70.0","73"
"Karachi","24.8607","67.0011","2026-04-03T00:00","19.1","89","1.40","6.4","248","1011.1","52","20.7","12.4","541.0","19.4","19.8","67.0","72"
"Karachi","24.8607","67.0011","2026-04-03T01:00","19.1","91","0.00","6.0","241","1010.7","85","20.4","13.2","653.0","20.6","18.5","63.0","72"
"Karachi","24.8607","67.0011","2026-04-03T02:00","19.5","90","0.00","7.6","297","1010.0","54","20.5","13.3","736.0","21.7","17.9","59.0","71"
"Karachi","24.8607","67.0011","2026-04-03T03:00","18.8","91","0.00","7.6","342","1009.2","2","21.2","13.1","742.0","22.2","18.8","56.0","70"
"Karachi","24.8607","67.0011","2026-04-03T04:00","17.9","94","0.00","8.1","4","1008.8","4","21.3","13.6","720.0","22.6","20.5","52.0","70"
"Karachi","24.8607","67.0011","2026-04-03T05:00","17.7","95","0.00","7.4","68","1009.6","5","26.0","14.6","754.0","19.1","16.3","53.0","69"
"Karachi","24.8607","67.0011","2026-04-03T06:00","17.8","93","0.00","6.7","70","1009.9","6","27.2","16.4","944.0","22.1","20.4","50.0","68"
"Karachi","24.8607","67.0011","2026-04-03T07:00","18.0","91","0.00","4.7","32","1010.4","6","29.2","19.7","1190.0","26.1","26.1","46.0","68"
"Karachi","24.8607","67.0011","2026-04-03T08:00","19.1","87","0.00","4.1","358","1011.1","20","30.6","19.7","1277.0","27.1","30.2","49.0","68"
"Karachi","24.8607","67.0011","2026-04-03T09:00","20.8","78","0.00","2.7","323","1011.8","13","27.0","16.3","1051.0","22.5","31.8","63.0","68"
"Karachi","24.8607","67.0011","2026-04-03T10:00","22.6","71","0.00","3.6","270","1012.0","22","23.3","13.6","666.0","15.0","32.0","83.0","67"
"Karachi","24.8607","67.0011","2026-04-03T11:00","24.0","61","0.00","8.3","268","1012.4","59","21.9","12.5","370.0","9.0","30.5","100.0","66"
"Karachi","24.8607","67.0011","2026-04-03T12:00","24.9","54","0.00","11.3","256","1011.8","70","21.9","12.2","269.0","6.1","26.4","112.0","64"
"Karachi","24.8607","67.0011","2026-04-03T13:00","25.2","52","0.00","12.6","251","1011.3","98","22.5","12.0","257.0","4.6","20.6","120.0","63"
"Karachi","24.8607","67.0011","2026-04-03T14:00","25.2","52","0.00","12.9","247","1010.3","73","22.0","10.7","264.0","4.0","16.2","124.0","61"
"Karachi","24.8607","67.0011","2026-04-03T15:00","25.4","51","0.00","12.9","247","1009.4","54","23.0","10.4","268.0","3.8","14.7","122.0","59"
"Karachi","24.8607","67.0011","2026-04-03T16:00","24.9","54","0.00","13.5","239","1008.9","6","23.4","10.5","291.0","4.5","14.5","115.0","57"
"Karachi","24.8607","67.0011","2026-04-03T17:00","24.5","64","0.00","12.8","218","1008.6","69","29.7","12.7","334.0","6.6","12.1","104.0","56"
"Karachi","24.8607","67.0011","2026-04-03T18:00","24.0","66","0.00","11.5","231","1008.5","84","30.6","13.7","414.0","11.7","12.3","91.0","55"
"Karachi","24.8607","67.0011","2026-04-03T19:00","23.4","69","0.00","10.1","241","1009.0","98","29.9","15.8","514.0","18.9","12.7","73.0","55"
"Karachi","24.8607","67.0011","2026-04-03T20:00","23.3","72","0.00","10.2","234","1009.3","41","32.7","18.2","581.0","25.5","13.0","58.0","54"
"Karachi","24.8607","67.0011","2026-04-03T21:00","23.2","74","0.00","9.2","247","1010.3","1","35.2","20.7","595.0","31.7","13.5","49.0","54"
"Karachi","24.8607","67.0011","2026-04-03T22:00","23.0","76","0.00","7.8","266","1010.8","2","37.4","23.9","577.0","37.2","13.9","44.0","54"
"Karachi","24.8607","67.0011","2026-04-03T23:00","23.1","71","0.00","6.8","281","1010.6","20","37.7","24.9","532.0","38.9","13.7","44.0","56"
"Karachi","24.8607","67.0011","2026-04-04T00:00","23.3","69","0.00","7.4","284","1010.3","7","35.9","23.5","444.0","33.8","12.2","52.0","57"
"Karachi","24.8607","67.0011","2026-04-04T01:00","22.9","69","0.00","6.6","303","1010.2","5","32.4","21.1","330.0","24.9","9.9","65.0","58"
"Karachi","24.8607","67.0011","2026-04-04T02:00","22.5","68","0.00","8.0","301","1009.5","2","28.3","18.5","246.0","17.7","8.3","75.0","58"
"Karachi","24.8607","67.0011","2026-04-04T03:00","22.0","68","0.00","9.2","305","1009.3","1","24.4","16.4","181.0","13.2","7.6","79.0","59"
"Karachi","24.8607","67.0011","2026-04-04T04:00","21.7","70","0.00","9.7","309","1009.4","0","21.7","15.1","147.0","10.3","7.5","80.0","59"
"Karachi","24.8607","67.0011","2026-04-04T05:00","21.4","80","0.00","7.3","320","1009.7","0","24.5","15.9","234.0","12.3","8.4","79.0","59"
"Karachi","24.8607","67.0011","2026-04-04T06:00","20.9","84","0.00","5.9","348","1010.0","0","24.8","16.9","586.0","20.6","10.4","73.0","59"
"Karachi","24.8607","67.0011","2026-04-04T07:00","20.5","87","0.00","4.9","8","1010.6","0","31.5","23.2","1059.0","31.7","13.2","65.0","59"
"Karachi","24.8607","67.0011","2026-04-04T08:00","21.8","85","0.00","2.7","20","1011.1","0","31.0","23.9","1310.0","36.6","15.6","67.0","60"
"Karachi","24.8607","67.0011","2026-04-04T09:00","24.0","74","0.00","2.2","279","1011.7","0","27.9","17.3","1121.0","29.4","17.3","89.0","60"
"Karachi","24.8607","67.0011","2026-04-04T10:00","25.7","65","0.00","4.5","230","1011.8","0","32.5","15.8","709.0","16.1","18.5","122.0","60"
"Karachi","24.8607","67.0011","2026-04-04T11:00","27.0","56","0.00","7.6","216","1011.7","0","36.0","15.7","386.0","5.9","18.6","145.0","60"
"Karachi","24.8607","67.0011","2026-04-04T12:00","27.5","53","0.00","11.9","222","1011.6","0","35.9","14.7","278.0","2.8","16.7","150.0","61"
"Karachi","24.8607","67.0011","2026-04-04T13:00","27.5","51","0.00","14.3","233","1011.2","0","34.1","13.6","259.0","2.9","13.6","145.0","61"
"Karachi","24.8607","67.0011","2026-04-04T14:00","27.5","50","0.00","14.4","239","1010.4","0","29.8","12.7","262.0","3.5","11.4","139.0","61"
"Karachi","24.8607","67.0011","2026-04-04T15:00","27.4","48","0.00","14.5","245","1009.4","0","27.7","12.6","269.0","3.5","10.9","135.0","63"
"Karachi","24.8607","67.0011","2026-04-04T16:00","26.9","50","0.00","14.1","240","1008.9","0","26.9","12.9","298.0","4.1","11.3","130.0","78"
"Karachi","24.8607","67.0011","2026-04-04T17:00","25.6","53","0.00","14.2","243","1009.5","0","21.2","10.7","333.0","6.5","11.8","124.0","91"
"Karachi","24.8607","67.0011","2026-04-04T18:00","24.9","58","0.00","12.8","251","1009.8","0","22.8","11.7","380.0","12.3","11.9","112.0","98"
"Karachi","24.8607","67.0011","2026-04-04T19:00","24.0","66","0.00","12.5","252","1010.1","1","22.9","14.1","433.0","20.2","12.1","96.0","96"
"Karachi","24.8607","67.0011","2026-04-04T20:00","23.8","68","0.00","14.0","248","1010.5","22","24.5","16.1","460.0","26.0","12.1","84.0","86"
"Karachi","24.8607","67.0011","2026-04-04T21:00","23.7","68","0.00","13.6","248","1010.7","99","24.9","16.6","440.0","27.8","11.8","79.0","72"
"Karachi","24.8607","67.0011","2026-04-04T22:00","23.8","69","0.00","13.8","257","1011.7","98","25.0","17.3","393.0","27.4","11.3","78.0","61"
"Karachi","24.8607","67.0011","2026-04-04T23:00","24.1","68","0.00","12.2","261","1011.5","88","24.6","17.3","348.0","26.0","10.6","78.0","60"
"Karachi","24.8607","67.0011","2026-04-05T00:00","24.0","68","0.00","10.6","271","1011.2","4","23.3","16.3","313.0","23.5","9.6","77.0","59"
"Karachi","24.8607","67.0011","2026-04-05T01:00","23.5","71","0.00","8.6","282","1011.1","1","22.4","15.7","281.0","20.1","8.4","77.0","59"
"Karachi","24.8607","67.0011","2026-04-05T02:00","23.1","73","0.00","7.5","294","1010.5","45","22.7","16.1","256.0","17.5","7.8","76.0","58"
"Karachi","24.8607","67.0011","2026-04-05T03:00","22.9","75","0.00","7.6","289","1010.3","99","22.8","16.3","205.0","15.6","7.8","73.0","58"
"Karachi","24.8607","67.0011","2026-04-05T04:00","22.6","76","0.00","7.4","296","1010.1","88","22.8","16.4","161.0","14.6","8.4","69.0","58"
"Karachi","24.8607","67.0011","2026-04-05T05:00","22.1","83","0.00","7.9","297","1010.5","98","18.7","14.2","231.0","12.0","8.2","71.0","58"
"Karachi","24.8607","67.0011","2026-04-05T06:00","22.4","81","0.00","6.7","294","1010.7","94","19.7","15.6","558.0","22.1","10.6","62.0","58"
"Karachi","24.8607","67.0011","2026-04-05T07:00","22.4","81","0.00","6.2","306","1011.1","98","28.8","24.3","998.0","35.5","14.1","51.0","58"
"Karachi","24.8607","67.0011","2026-04-05T08:00","23.4","79","0.00","5.2","284","1011.9","99","32.0","27.4","1226.0","41.6","17.1","52.0","58"
"Karachi","24.8607","67.0011","2026-04-05T09:00","24.8","71","0.00","5.4","276","1012.1","68","29.0","20.7","1031.0","33.3","19.5","76.0","58"
"Karachi","24.8607","67.0011","2026-04-05T10:00","26.4","62","0.00","6.3","255","1012.4","99","29.1","19.1","624.0","17.7","21.6","113.0","59"
"Karachi","24.8607","67.0011","2026-04-05T11:00","26.9","56","0.00","9.3","255","1012.7","99","29.9","18.8","315.0","5.9","22.4","140.0","59"
"Karachi","24.8607","67.0011","2026-04-05T12:00","26.9","56","0.00","10.5","262","1012.6","100","29.0","17.6","236.0","2.5","21.2","149.0","59"
"Karachi","24.8607","67.0011","2026-04-05T13:00","27.0","55","0.00","9.7","260","1011.9","100","27.8","16.6","255.0","2.9","18.7","148.0","59"
"Karachi","24.8607","67.0011","2026-04-05T14:00","27.0","54","0.00","9.4","253","1010.7","79","27.2","16.1","283.0","4.0","16.9","145.0","60"
"Karachi","24.8607","67.0011","2026-04-05T15:00","27.6","52","0.00","11.4","242","1010.1","98","26.3","15.4","282.0","4.3","16.5","142.0","60"
"Karachi","24.8607","67.0011","2026-04-05T16:00","26.5","59","0.00","12.5","235","1009.4","16","26.0","15.1","291.0","5.2","16.8","136.0","72"
"Karachi","24.8607","67.0011","2026-04-05T17:00","26.4","53","0.00","11.4","237","1009.6","3","27.7","15.7","338.0","8.9","19.5","131.0","90"
"Karachi","24.8607","67.0011","2026-04-05T18:00","25.5","58","0.00","11.7","234","1009.6","83","28.5","16.5","454.0","15.5","18.2","114.0","101"
"Karachi","24.8607","67.0011","2026-04-05T19:00","24.7","64","0.00","9.7","235","1009.9","34","28.3","19.0","607.0","24.8","16.4","91.0","102"
"Karachi","24.8607","67.0011","2026-04-05T20:00","24.1","69","0.00","9.8","234","1010.2","4","29.8","20.6","738.0","32.6","15.0","72.0","91"
"Karachi","24.8607","67.0011","2026-04-05T21:00","23.9","70","0.00","9.1","234","1010.8","0","31.3","21.8","846.0","38.0","14.4","61.0","75"
"Karachi","24.8607","67.0011","2026-04-05T22:00","23.5","73","0.00","7.7","239","1011.0","1","33.5","23.8","931.0","41.8","14.2","55.0","63"
"Karachi","24.8607","67.0011","2026-04-05T23:00","23.8","76","0.00","7.8","257","1011.1","0","36.2","25.8","929.0","42.8","13.6","52.0","63"
"Karachi","24.8607","67.0011","2026-04-06T00:00","24.0","76","0.00","9.6","262","1011.0","8","37.5","26.2","773.0","39.4","12.1","54.0","64"
"Karachi","24.8607","67.0011","2026-04-06T01:00","23.8","77","0.00","9.5","269","1010.5","16","37.1","24.9","531.0","33.1","10.3","58.0","65"
"Karachi","24.8607","67.0011","2026-04-06T02:00","23.6","79","0.00","8.8","268","1010.0","20","36.6","23.5","340.0","27.2","8.8","63.0","66"
"Karachi","24.8607","67.0011","2026-04-06T03:00","23.6","79","0.00","8.9","262","1009.6","19","36.6","22.2","238.0","22.1","8.0","66.0","66"
"Karachi","24.8607","67.0011","2026-04-06T04:00","23.5","78","0.00","8.2","262","1009.4","13","36.6","21.3","188.0","17.5","7.5","69.0","67"
"Karachi","24.8607","67.0011","2026-04-06T05:00","23.3","79","0.10","8.8","251","1009.4","14","37.7","21.3","214.0","17.5","8.2","66.0","67"
"Karachi","24.8607","67.0011","2026-04-06T06:00","23.5","77","0.00","10.3","255","1009.8","33","41.2","22.0","392.0","19.4","9.2","69.0","68"
"Karachi","24.8607","67.0011","2026-04-06T07:00","23.7","76","0.00","8.7","265","1010.1","23","44.2","24.4","647.0","21.8","10.6","73.0","68"
"Karachi","24.8607","67.0011","2026-04-06T08:00","25.0","71","0.10","7.4","252","1010.6","37","49.5","24.2","779.0","21.9","12.0","79.0","68"
"Karachi","24.8607","67.0011","2026-04-06T09:00","26.2","64","0.10","13.2","248","1010.9","24","52.3","22.5","662.0","17.3","13.8","91.0","68"
"Karachi","24.8607","67.0011","2026-04-06T10:00","27.4","59","0.10","14.0","240","1011.3","23","52.3","21.9","423.0","10.4","15.6","104.0","68"
"Karachi","24.8607","67.0011","2026-04-06T11:00","27.4","59","0.00","13.4","231","1011.6","29","64.3","23.6","244.0","5.1","16.2","113.0","69"
"Karachi","24.8607","67.0011","2026-04-06T12:00","28.1","57","0.10","16.5","226","1011.2","21","83.8","26.1","202.0","3.1","14.7","112.0","69"
"Karachi","24.8607","67.0011","2026-04-06T13:00","28.5","56","0.00","18.6","225","1010.6","21","77.8","24.7","219.0","2.7","12.0","107.0","70"
"Karachi","24.8607","67.0011","2026-04-06T14:00","28.6","57","0.00","19.0","221","1009.5","28","75.7","24.0","247.0","2.9","9.9","100.0","70"
"Karachi","24.8607","67.0011","2026-04-06T15:00","28.0","61","0.00","20.9","222","1008.5","48","69.2","22.2","278.0","3.5","9.0","93.0","71"
"Karachi","24.8607","67.0011","2026-04-06T16:00","27.7","63","0.10","22.5","224","1008.0","21","57.4","20.4","320.0","4.8","8.6","85.0","72"
"Karachi","24.8607","67.0011","2026-04-06T17:00","26.8","70","0.00","20.9","222","1007.8","23","51.3","18.7","345.0","5.7","8.4","81.0","72"
"Karachi","24.8607","67.0011","2026-04-06T18:00","26.2","74","0.10","20.9","224","1007.7","33","41.9","17.2","337.0","8.1","8.4","75.0","72"
"Karachi","24.8607","67.0011","2026-04-06T19:00","25.7","81","0.10","17.8","228","1007.8","5","35.7","17.2","312.0","11.3","8.3","68.0","73"
"Karachi","24.8607","67.0011","2026-04-06T20:00","25.5","86","0.00","19.4","230","1008.0","2","35.2","17.5","288.0","13.3","8.1","62.0","72"
"Karachi","24.8607","67.0011","2026-04-06T21:00","25.4","87","0.00","19.2","228","1008.5","9","33.4","17.1","274.0","12.9","7.8","60.0","72"
"Karachi","24.8607","67.0011","2026-04-06T22:00","25.3","88","0.00","18.9","230","1008.6","17","33.9","17.1","261.0","11.2","7.3","59.0","72"
"Karachi","24.8607","67.0011","2026-04-06T23:00","25.4","90","0.10","21.5","236","1008.3","13","33.9","17.1","244.0","9.5","6.9","59.0","71"
"Karachi","24.8607","67.0011","2026-04-07T00:00","25.2","91","0.00","20.6","237","1008.3","19","33.2","16.8","218.0","7.9","6.4","59.0","70"
"Karachi","24.8607","67.0011","2026-04-07T01:00","25.4","88","0.00","19.7","235","1007.9","10","31.5","16.1","188.0","6.2","5.9","60.0","69"
"Karachi","24.8607","67.0011","2026-04-07T02:00","25.1","88","0.00","18.1","238","1007.5","22","30.2","15.4","166.0","4.9","5.5","61.0","69"
"Karachi","24.8607","67.0011","2026-04-07T03:00","25.0","89","0.10","15.5","243","1007.0","30","28.9","14.7","151.0","4.0","5.2","62.0","68"
"Karachi","24.8607","67.0011","2026-04-07T04:00","24.8","91","0.00","14.1","249","1006.6","27","29.3","14.4","144.0","3.4","5.1","64.0","67"
"Karachi","24.8607","67.0011","2026-04-07T05:00","24.9","88","0.10","17.5","255","1006.7","0","37.0","15.3","161.0","4.2","5.6","66.0","67"
"Karachi","24.8607","67.0011","2026-04-07T06:00","24.9","84","0.00","18.5","251","1006.8","0","38.0","15.8","228.0","5.8","6.6","66.0","66"
"Karachi","24.8607","67.0011","2026-04-07T07:00","25.0","82","0.00","18.5","249","1006.9","0","43.2","17.7","318.0","8.0","8.0","66.0","66"
"Karachi","24.8607","67.0011","2026-04-07T08:00","25.7","81","0.00","15.8","255","1007.7","0","59.0","21.2","370.0","9.0","9.2","72.0","65"
"Karachi","24.8607","67.0011","2026-04-07T09:00","26.9","67","0.00","17.7","265","1008.2","0","65.0","24.0","343.0","7.7","9.8","88.0","65"
"Karachi","24.8607","67.0011","2026-04-07T10:00","27.8","60","0.00","19.6","263","1008.3","0","62.4","25.4","278.0","5.2","10.2","109.0","65"
"Karachi","24.8607","67.0011","2026-04-07T11:00","28.8","53","0.00","21.5","264","1008.6","0","61.7","25.8","229.0","3.4","10.5","125.0","65"
"Karachi","24.8607","67.0011","2026-04-07T12:00","29.1","52","0.00","20.5","264","1008.4","0","69.2","27.4","219.0","2.8","10.7","133.0","65"
"Karachi","24.8607","67.0011","2026-04-07T13:00","29.2","52","0.00","19.2","262","1007.6","5","80.3","29.3","227.0","2.8","10.7","137.0","66"
"Karachi","24.8607","67.0011","2026-04-07T14:00","29.0","54","0.00","18.6","258","1006.8","0","88.9","31.0","241.0","3.3","10.9","138.0","66"
"Karachi","24.8607","67.0011","2026-04-07T15:00","28.9","51","0.00","18.3","256","1006.0","0","91.0","31.4","260.0","3.8","11.3","137.0","67"
"Karachi","24.8607","67.0011","2026-04-07T16:00","28.5","51","0.00","17.9","260","1005.5","0","85.9","31.0","286.0","4.8","11.7","132.0","67"
"Karachi","24.8607","67.0011","2026-04-07T17:00","27.5","58","0.00","17.5","253","1005.4","0","72.6","27.9","316.0","7.3","11.6","124.0","79"
"Karachi","24.8607","67.0011","2026-04-07T18:00","26.5","67","0.00","17.3","246","1005.3","0","52.4","24.3","350.0","11.9","11.5","109.0","87"
"Karachi","24.8607","67.0011","2026-04-07T19:00","25.6","72","0.00","16.9","243","1005.3","0","38.9","22.6","388.0","18.3","11.4","88.0","87"
"Karachi","24.8607","67.0011","2026-04-07T20:00","25.4","74","0.00","17.3","242","1005.6","0","36.9","23.4","424.0","22.7","11.2","73.0","79"
"Karachi","24.8607","67.0011","2026-04-07T21:00","25.0","82","0.00","15.1","250","1006.0","0","35.9","23.9","469.0","23.6","11.1","69.0","71"
"Karachi","24.8607","67.0011","2026-04-07T22:00","24.6","85","0.00","11.0","268","1006.6","0","35.2","23.9","513.0","22.6","10.9","70.0","71"
"Karachi","24.8607","67.0011","2026-04-07T23:00","24.8","85","0.00","11.2","267","1006.7","2","34.5","23.7","522.0","20.9","10.5","74.0","72"
"Karachi","24.8607","67.0011","2026-04-08T00:00","24.6","83","0.00","10.3","275","1007.1","0","33.4","23.2","465.0","18.4","9.7","79.0","73"
"Karachi","24.8607","67.0011","2026-04-08T01:00","24.1","84","0.00","7.7","269","1006.7","0","32.0","22.6","373.0","15.2","8.8","86.0","73"
"Karachi","24.8607","67.0011","2026-04-08T02:00","23.6","88","0.00","9.3","262","1006.1","13","30.7","22.1","299.0","12.4","8.0","93.0","74"
"Karachi","24.8607","67.0011","2026-04-08T03:00","23.5","90","0.00","10.2","261","1005.9","3","30.0","21.7","243.0","10.2","7.3","98.0","74"
"Karachi","24.8607","67.0011","2026-04-08T04:00","23.4","89","0.00","10.5","254","1005.6","0","29.6","21.5","206.0","8.4","6.8","103.0","75"
"Karachi","24.8607","67.0011","2026-04-08T05:00","23.2","89","0.00","8.3","275","1005.4","0","29.1","21.2","247.0","6.4","7.0","115.0","76"
"Karachi","24.8607","67.0011","2026-04-08T06:00","23.2","89","0.00","7.3","281","1005.9","2","28.9","21.7","445.0","9.8","8.3","112.0","76"
"Karachi","24.8607","67.0011","2026-04-08T07:00","23.4","89","0.00","6.1","267","1006.6","0","31.5","24.2","721.0","14.2","10.4","110.0","77"
"Karachi","24.8607","67.0011","2026-04-08T08:00","24.7","82","0.00","2.9","277","1007.5","0","35.6","25.1","895.0","16.7","13.6","113.0","77"
"Karachi","24.8607","67.0011","2026-04-08T09:00","26.2","69","0.00","2.6","254","1008.2","0","45.8","26.3","872.0","15.2","19.3","128.0","78"
"Karachi","24.8607","67.0011","2026-04-08T10:00","27.8","59","0.00","2.7","208","1008.6","0","64.3","30.3","747.0","11.7","26.3","148.0","78"
"Karachi","24.8607","67.0011","2026-04-08T11:00","28.5","57","0.00","6.1","180","1008.9","2","85.9","35.7","628.0","8.6","31.0","167.0","78"
"Karachi","24.8607","67.0011","2026-04-08T12:00","28.9","59","0.00","9.5","191","1008.8","1","105.2","40.2","545.0","6.6","31.8","184.0","79"
"Karachi","24.8607","67.0011","2026-04-08T13:00","29.0","60","0.00","12.0","198","1008.4","17","115.5","41.7","468.0","5.1","30.3","198.0","96"
"Karachi","24.8607","67.0011","2026-04-08T14:00","28.8","58","0.00","12.9","199","1007.9","26","116.2","41.2","415.0","4.8","28.3","203.0","113"
"Karachi","24.8607","67.0011","2026-04-08T15:00","28.5","59","0.00","13.9","205","1007.3","7","106.6","39.2","390.0","5.8","26.1","192.0","133"
"Karachi","24.8607","67.0011","2026-04-08T16:00","28.3","60","0.00","13.0","213","1006.7","7","97.8","36.9","390.0","7.9","23.3","171.0","150"
"Karachi","24.8607","67.0011","2026-04-08T17:00","27.6","64","0.00","11.9","215","1006.4","4","80.6","32.1","419.0","9.8","18.6","139.0","159"
"Karachi","24.8607","67.0011","2026-04-08T18:00","26.7","72","0.00","12.1","223","1006.6","0","72.4","30.7","498.0","16.7","17.0","122.0","161"
"Karachi","24.8607","67.0011","2026-04-08T19:00","25.7","80","0.00","9.7","227","1007.1","0","57.0","30.3","606.0","26.2","14.9","98.0","157"
"Karachi","24.8607","67.0011","2026-04-08T20:00","25.1","84","0.00","9.2","223","1007.6","0","56.1","31.3","687.0","33.3","13.2","80.0","145"
"Karachi","24.8607","67.0011","2026-04-08T21:00","24.8","85","0.00","8.2","237","1008.2","0","55.9","32.1","712.0","35.8","12.6","74.0","122"
"Karachi","24.8607","67.0011","2026-04-08T22:00","24.4","87","0.00","5.6","237","1008.7","0","56.0","33.4","709.0","35.9","12.6","73.0","96"
"Karachi","24.8607","67.0011","2026-04-08T23:00","24.4","89","0.00","5.4","233","1009.2","0","56.9","34.9","704.0","35.2","12.5","73.0","87"
"Karachi","24.8607","67.0011","2026-04-09T00:00","24.2","90","0.00","4.7","270","1009.4","1","57.5","36.0","707.0","34.1","11.9","71.0","88"
"Karachi","24.8607","67.0011","2026-04-09T01:00","23.6","93","0.00","5.9","308","1009.4","16","63.3","39.0","708.0","32.2","11.3","70.0","89"
"Karachi","24.8607","67.0011","2026-04-09T02:00","23.0","95","0.00","5.6","338","1009.2","23","66.1","41.4","702.0","30.3","11.2","68.0","91"
"Karachi","24.8607","67.0011","2026-04-09T03:00","22.5","97","0.00","4.2","329","1009.0","36","65.2","40.5","667.0","27.7","11.7","65.0","93"
"Karachi","24.8607","67.0011","2026-04-09T04:00","22.1","99","0.00","2.5","330","1009.2","100","66.1","39.9","625.0","25.0","12.7","61.0","94"
"Karachi","24.8607","67.0011","2026-04-09T05:00","22.1","99","0.00","2.6","34","1009.6","100","71.9","43.3","640.0","22.8","12.4","66.0","96"
"Karachi","24.8607","67.0011","2026-04-09T06:00","21.9","99","0.00","4.3","57","1010.3","100","81.0","50.1","773.0","27.2","14.1","66.0","98"
"Karachi","24.8607","67.0011","2026-04-09T07:00","21.6","98","0.00","3.3","49","1011.2","93","90.8","58.9","962.0","32.9","16.7","68.0","100"
"Karachi","24.8607","67.0011","2026-04-09T08:00","22.8","89","0.00","0.8","117","1011.7","11","78.2","45.6","1084.0","35.0","20.4","79.0","104"
"Karachi","24.8607","67.0011","2026-04-09T09:00","25.0","72","0.00","1.4","113","1012.2","0","92.4","43.5","1087.0","30.1","26.7","108.0","106"
"Karachi","24.8607","67.0011","2026-04-09T10:00","27.7","56","0.00","4.6","138","1012.5","0","112.2","44.9","1024.0","21.6","34.0","146.0","108"
"Karachi","24.8607","67.0011","2026-04-09T11:00","29.0","55","0.00","6.9","163","1012.8","0","124.3","47.1","926.0","14.3","37.9","176.0","109"
"Karachi","24.8607","67.0011","2026-04-09T12:00","29.7","56","0.00","8.7","185","1012.6","0","122.5","46.9","780.0","9.8","35.7","191.0","111"
"Karachi","24.8607","67.0011","2026-04-09T13:00","30.0","56","0.00","11.0","191","1012.1","11","109.4","43.4","600.0","6.6","30.1","198.0","111"
"Karachi","24.8607","67.0011","2026-04-09T14:00","30.1","55","0.00","11.7","200","1011.1","31","96.2","40.0","462.0","5.1","25.0","196.0","112"
"Karachi","24.8607","67.0011","2026-04-09T15:00","29.5","57","0.00","13.5","213","1010.6","10","87.3","37.5","399.0","5.5","21.8","183.0","114"
"Karachi","24.8607","67.0011","2026-04-09T16:00","28.2","61","0.00","15.3","216","1010.4","6","82.0","35.0","378.0","7.6","19.0","160.0","138"
"Karachi","24.8607","67.0011","2026-04-09T17:00","27.5","66","0.00","15.1","216","1010.3","7","75.2","31.9","379.0","10.8","15.0","134.0","154"
"Karachi","24.8607","67.0011","2026-04-09T18:00","26.9","65","0.00","12.5","217","1010.9","2","74.3","32.7","400.0","15.2","14.3","122.0","158"
"Karachi","24.8607","67.0011","2026-04-09T19:00","26.1","74","0.00","10.8","232","1011.6","9","68.0","33.1","444.0","21.3","13.4","104.0","154"
"Karachi","24.8607","67.0011","2026-04-09T20:00","25.6","77","0.00","8.2","237","1012.1","0","73.6","34.1","498.0","26.3","12.9","89.0","140"
"Karachi","24.8607","67.0011","2026-04-09T21:00","25.3","80","0.00","6.5","275","1013.1","96","68.9","35.4","572.0","29.5","13.2","79.0","119"
"Karachi","24.8607","67.0011","2026-04-09T22:00","25.0","82","0.00","7.4","296","1013.8","2","65.2","36.0","658.0","31.6","13.9","71.0","112"
"Karachi","24.8607","67.0011","2026-04-09T23:00","24.6","86","0.00","8.3","314","1014.2","100","63.3","35.7","714.0","32.1","14.3","66.0","112"
"Karachi","24.8607","67.0011","2026-04-10T00:00","24.8","86","0.00","6.6","319","1013.8","27","62.2","35.0","731.0","30.1","14.1","63.0","112"
"Karachi","24.8607","67.0011","2026-04-10T01:00","24.2","88","0.00","8.0","320","1013.7","45","60.5","34.3","720.0","26.4","13.5","62.0","112"
"Karachi","24.8607","67.0011","2026-04-10T02:00","23.9","89","0.00","6.1","336","1013.0","100","58.8","33.3","669.0","23.1","13.2","62.0","112"
"Karachi","24.8607","67.0011","2026-04-10T03:00","24.0","87","0.00","3.5","21","1012.2","100","59.1","32.2","507.0","20.0","13.1","62.0","111"
"Karachi","24.8607","67.0011","2026-04-10T04:00","24.0","86","0.00","3.4","342","1012.1","80","60.1","31.4","306.0","17.3","13.2","61.0","110"
"Karachi","24.8607","67.0011","2026-04-10T05:00","23.9","84","0.00","5.8","344","1012.3","41","61.9","31.7","269.0","19.7","14.1","58.0","109"
"Karachi","24.8607","67.0011","2026-04-10T06:00","23.9","81","0.00","6.0","344","1013.0","0","65.4","31.2","579.0","26.4","14.5","55.0","108"
"Karachi","24.8607","67.0011","2026-04-10T07:00","24.0","78","0.00","5.6","345","1013.8","0","69.6","34.2","1054.0","35.1","15.3","52.0","106"
"Karachi","24.8607","67.0011","2026-04-10T08:00","26.0","65","0.00","3.2","27","1014.7","0","72.6","38.3","1344.0","38.5","18.1","61.0","104"
"Karachi","24.8607","67.0011","2026-04-10T09:00","28.9","46","0.00","2.8","75","1014.9","1","86.6","35.2","1269.0","31.3","25.3","92.0","103"
"Karachi","24.8607","67.0011","2026-04-10T10:00","30.9","36","0.00","5.6","153","1015.3","2","81.3","32.2","1010.0","18.8","34.5","135.0","102"
"Karachi","24.8607","67.0011","2026-04-10T11:00","31.5","36","0.00","9.4","177","1015.3","2","78.7","31.5","764.0","9.0","39.3","168.0","101"
"Karachi","24.8607","67.0011","2026-04-10T12:00","31.8","35","0.00","11.3","189","1014.8","98","69.6","28.6","580.0","5.1","35.8","183.0","99"
"Karachi","24.8607","67.0011","2026-04-10T13:00","31.7","34","0.00","11.4","201","1014.1","80","61.9","27.3","409.0","3.9","27.9","187.0","98"
"Karachi","24.8607","67.0011","2026-04-10T14:00","31.2","36","0.00","11.4","215","1013.2","0","57.3","26.5","296.0","4.0","21.4","184.0","96"
"Karachi","24.8607","67.0011","2026-04-10T15:00","31.8","36","0.00","11.5","222","1012.6","0","53.0","25.2","274.0","4.8","18.3","172.0","95"
"Karachi","24.8607","67.0011","2026-04-10T16:00","31.0","41","0.00","13.6","238","1012.4","0","50.6","24.1","310.0","6.8","16.6","153.0","118"
"Karachi","24.8607","67.0011","2026-04-10T17:00","29.7","49","0.00","12.5","252","1012.3","0","63.6","29.3","347.0","10.6","16.9","150.0","138"
"Karachi","24.8607","67.0011","2026-04-10T18:00","28.3","56","0.00","12.0","254","1012.5","0","59.0","29.3","374.0","16.3","15.3","130.0","150"
"Karachi","24.8607","67.0011","2026-04-10T19:00","26.6","70","0.00","10.7","265","1013.0","1","55.2","30.0","403.0","24.2","13.1","101.0","149"
"Karachi","24.8607","67.0011","2026-04-10T20:00","25.9","78","0.00","8.0","261","1013.5","5","56.7","30.4","415.0","29.9","11.6","79.0","135"
"Karachi","24.8607","67.0011","2026-04-10T21:00","25.4","82","0.00","6.6","244","1013.2","1","59.6","30.7","399.0","31.8","11.4","68.0","112"
"Karachi","24.8607","67.0011","2026-04-10T22:00","25.0","85","0.00","7.8","257","1013.4","0","63.1","31.7","366.0","31.6","11.9","64.0","91"
"Karachi","24.8607","67.0011","2026-04-10T23:00","24.9","86","0.00","9.9","285","1014.1","14","63.6","32.6","332.0","29.5","12.0","63.0","91"
"Karachi","24.8607","67.0011","2026-04-11T00:00","24.8","85","0.00","8.0","275","1013.4","7","60.8","31.3","301.0","24.6","11.2","66.0","91"
"Karachi","24.8607","67.0011","2026-04-11T01:00","24.6","85","0.00","9.0","292","1013.2","23","56.9","28.8","269.0","17.9","9.9","72.0","90"
"Karachi","24.8607","67.0011","2026-04-11T02:00","24.5","84","0.00","8.8","305","1012.5","99","52.5","26.7","243.0","12.5","8.9","78.0","90"
"Karachi","24.8607","67.0011","2026-04-11T03:00","24.4","84","0.00","7.2","305","1011.9","0","49.9","25.2","215.0","9.5","8.2","82.0","89"
"Karachi","24.8607","67.0011","2026-04-11T04:00","24.0","87","0.00","7.0","302","1011.5","0","51.2","24.2","193.0","7.8","7.8","84.0","89"
"Karachi","24.8607","67.0011","2026-04-11T05:00","24.1","90","0.00","8.0","261","1011.3","0","53.0","24.2","209.0","8.4","7.9","83.0","88"
"Karachi","24.8607","67.0011","2026-04-11T06:00","24.4","88","0.00","9.7","274","1011.7","0","58.6","25.2","308.0","11.6","8.7","82.0","87"
"Karachi","24.8607","67.0011","2026-04-11T07:00","24.6","86","0.00","9.8","287","1012.4","0","66.8","28.7","446.0","15.8","10.0","82.0","87"
"Karachi","24.8607","67.0011","2026-04-11T08:00","26.1","77","0.00","9.9","289","1013.1","0","84.8","32.8","521.0","17.7","11.5","86.0","86"
"Karachi","24.8607","67.0011","2026-04-11T09:00","28.0","67","0.00","11.2","285","1013.5","0","107.3","37.1","471.0","15.0","13.7","99.0","86"
"Karachi","24.8607","67.0011","2026-04-11T10:00","29.6","58","0.00","11.5","279","1013.3","0","132.2","41.7","358.0","10.1","16.1","116.0","86"
"Karachi","24.8607","67.0011","2026-04-11T11:00","31.1","52","0.00","13.1","272","1013.3","0","155.5","46.1","272.0","6.2","17.8","129.0","87"
"Karachi","24.8607","67.0011","2026-04-11T12:00","32.0","47","0.00","14.2","271","1012.8","0","163.0","48.7","246.0","4.6","18.2","135.0","88"
"Karachi","24.8607","67.0011","2026-04-11T13:00","32.6","44","0.00","14.8","271","1012.1","0","164.4","50.1","246.0","4.1","17.8","137.0","90"
"Karachi","24.8607","67.0011","2026-04-11T14:00","33.1","40","0.00","14.2","271","1011.2","0","165.3","51.2","258.0","4.6","17.1","135.0","92"
"Karachi","24.8607","67.0011","2026-04-11T15:00","33.1","39","0.00","14.6","272","1010.5","0","165.8","52.6","272.0","5.7","16.3","127.0","94"
"Karachi","24.8607","67.0011","2026-04-11T16:00","32.7","39","0.00","14.3","276","1009.8","0","163.9","53.8","299.0","7.8","15.2","114.0","97"
"Karachi","24.8607","67.0011","2026-04-11T17:00","31.8","43","0.00","11.6","255","1009.2","0","130.4","43.4","354.0","12.2","14.7","104.0","99"
"Karachi","24.8607","67.0011","2026-04-11T18:00","30.0","53","0.00","10.5","257","1009.4","0","120.1","44.4","472.0","19.3","13.5","86.0","100"
"Karachi","24.8607","67.0011","2026-04-11T19:00","27.8","66","0.00","9.4","269","1010.0","0","108.5","45.1","619.0","28.9","11.7","62.0","102"
"Karachi","24.8607","67.0011","2026-04-11T20:00","27.0","68","0.00","6.9","295","1010.7","0","108.3","44.4","706.0","35.2","10.4","45.0","104"
"Karachi","24.8607","67.0011","2026-04-11T21:00","26.6","68","0.00","10.5","286","1011.2","0","105.7","43.2","687.0","35.5","9.9","42.0","105"
"Karachi","24.8607","67.0011","2026-04-11T22:00","26.6","63","0.00","12.1","287","1011.1","0","103.4","41.4","607.0","32.4","9.7","46.0","106"
"Karachi","24.8607","67.0011","2026-04-11T23:00","26.5","65","0.00","12.2","298","1011.5","0","99.0","39.6","516.0","28.4","9.4","51.0","107"
"Karachi","24.8607","67.0011","2026-04-12T00:00","26.0","68","0.00","10.4","312","1011.0","0","89.9","36.7","409.0","23.4","8.5","55.0","108"
"Karachi","24.8607","67.0011","2026-04-12T01:00","25.6","70","0.00","11.4","308","1010.4","0","79.4","33.3","290.0","17.6","7.4","59.0","109"
"Karachi","24.8607","67.0011","2026-04-12T02:00","25.4","70","0.00","10.7","311","1009.7","0","72.2","31.1","218.0","13.2","6.8","62.0","109"
"Karachi","24.8607","67.0011","2026-04-12T03:00","25.1","70","0.00","9.0","314","1009.1","0","71.2","30.5","196.0","10.5","6.6","61.0","110"
"Karachi","24.8607","67.0011","2026-04-12T04:00","24.6","74","0.00","7.2","321","1008.9","0","73.6","30.7","220.0","9.3","6.8","59.0","110"
"Karachi","24.8607","67.0011","2026-04-12T05:00","24.0","78","0.00","5.4","320","1009.0","0","76.6","31.1","338.0","11.9","8.0","53.0","111"
"Karachi","24.8607","67.0011","2026-04-12T06:00","23.5","80","0.00","6.3","321","1009.0","0","77.5","32.6","657.0","20.6","10.0","45.0","112"
"Karachi","24.8607","67.0011","2026-04-12T07:00","23.3","79","0.00","6.7","357","1009.4","0","85.0","39.3","1070.0","32.2","12.8","35.0","112"
"Karachi","24.8607","67.0011","2026-04-12T08:00","25.4","65","0.00","3.7","14","1010.0","0","82.7","43.0","1304.0","38.1","16.2","38.0","113"
"Karachi","24.8607","67.0011","2026-04-12T09:00","28.6","46","0.00","4.1","358","1010.3","0","116.9","43.4","1186.0","32.7","20.8","65.0","114"
"Karachi","24.8607","67.0011","2026-04-12T10:00","32.7","29","0.00","3.6","3","1010.4","3","168.1","46.6","889.0","21.6","25.8","105.0","115"
"Karachi","24.8607","67.0011","2026-04-12T11:00","34.5","23","0.00","1.5","173","1010.5","0","191.4","46.3","653.0","12.5","28.7","139.0","116"
"Karachi","24.8607","67.0011","2026-04-12T12:00","34.8","27","0.00","7.0","190","1009.8","0","187.7","43.9","576.0","8.0","27.5","162.0","116"
"Karachi","24.8607","67.0011","2026-04-12T13:00","34.3","39","0.00","12.1","203","1009.0","0","170.4","41.1","560.0","5.5","24.2","178.0","115"
"Karachi","24.8607","67.0011","2026-04-12T14:00","34.1","37","0.00","14.2","213","1008.3","0","157.4","39.9","550.0","4.8","21.6","186.0","114"
"Karachi","24.8607","67.0011","2026-04-12T15:00","33.5","37","0.00","14.2","219","1007.6","0","151.8","40.0","523.0","6.2","21.2","183.0","113"
"Karachi","24.8607","67.0011","2026-04-12T16:00","32.2","45","0.00","12.1","222","1007.2","0","153.2","42.8","502.0","9.4","21.6","172.0","112"
"Karachi","24.8607","67.0011","2026-04-12T17:00","31.2","50","0.00","10.9","234","1007.2","0","123.9","37.4","508.0","14.1","20.9","163.0","120"
"Karachi","24.8607","67.0011","2026-04-12T18:00","30.0","57","0.00","9.9","243","1007.5","0","115.9","38.5","574.0","19.1","18.5","139.0","140"
"Karachi","24.8607","67.0011","2026-04-12T19:00","28.0","72","0.00","9.1","240","1008.0","2","105.2","38.9","667.0","26.0","15.2","106.0","148"
"Karachi","24.8607","67.0011","2026-04-12T20:00","27.0","77","0.00","7.9","249","1008.3","41","101.3","35.2","704.0","30.2","12.6","80.0","141"
"Karachi","24.8607","67.0011","2026-04-12T21:00","26.5","80","0.00","8.8","255","1009.0","59","97.8","34.0","633.0","29.7","11.5","69.0","123"
"Karachi","24.8607","67.0011","2026-04-12T22:00","26.2","81","0.00","9.2","277","1009.7","50","98.3","34.1","506.0","26.6","11.1","66.0","107"
"Karachi","24.8607","67.0011","2026-04-12T23:00","26.0","81","0.00","8.8","289","1010.0","75","98.5","34.6","404.0","23.0","10.7","66.0","106"
"Karachi","24.8607","67.0011","2026-04-13T00:00","25.8","80","0.00","8.1","294","1009.7","88","99.0","34.5","361.0","19.3","9.9","68.0","106"
"Karachi","24.8607","67.0011","2026-04-13T01:00","25.4","80","0.00","6.5","318","1009.1","99","92.9","32.9","343.0","15.1","9.0","72.0","105"
"Karachi","24.8607","67.0011","2026-04-13T02:00","25.1","79","0.00","7.2","328","1008.6","91","76.6","29.5","321.0","11.8","8.3","75.0","105"
"Karachi","24.8607","67.0011","2026-04-13T03:00","24.8","75","0.00","8.2","306","1008.0","12","58.2","25.0","263.0","9.3","7.6","77.0","105"
"Karachi","24.8607","67.0011","2026-04-13T04:00","24.5","74","0.00","9.3","298","1007.7","0","46.4","21.8","201.0","7.6","7.1","78.0","105"
"Karachi","24.8607","67.0011","2026-04-13T05:00","24.6","78","0.00","8.8","285","1008.2","14","40.3","21.5","208.0","9.1","7.7","74.0","104"
"Karachi","24.8607","67.0011","2026-04-13T06:00","24.8","81","0.00","8.3","275","1008.3","41","38.6","21.6","365.0","13.9","8.9","71.0","103"
"Karachi","24.8607","67.0011","2026-04-13T07:00","25.1","81","0.00","7.4","273","1008.8","0","41.6","25.2","591.0","20.2","10.6","68.0","101"
"Karachi","24.8607","67.0011","2026-04-13T08:00","26.8","75","0.00","7.4","266","1009.7","0","49.5","27.5","713.0","23.2","12.1","71.0","100"
"Karachi","24.8607","67.0011","2026-04-13T09:00","28.8","66","0.00","9.9","268","1010.3","0","65.2","29.7","622.0","19.8","13.5","88.0","99"
"Karachi","24.8607","67.0011","2026-04-13T10:00","30.9","54","0.00","11.2","258","1010.4","0","95.7","34.2","426.0","13.1","14.8","111.0","97"
"Karachi","24.8607","67.0011","2026-04-13T11:00","31.5","51","0.00","15.2","253","1010.5","0","142.0","42.1","277.0","7.7","15.4","127.0","96"
"Karachi","24.8607","67.0011","2026-04-13T12:00","32.3","45","0.00","16.2","255","1010.2","0","163.9","47.8","239.0","5.4","14.7","130.0","96"
"Karachi","24.8607","67.0011","2026-04-13T13:00","32.9","40","0.00","16.8","258","1009.7","0","161.1","49.2","249.0","4.5","13.2","126.0","96"
"Karachi","24.8607","67.0011","2026-04-13T14:00","33.4","37","0.00","16.1","254","1009.0","0","150.9","47.6","265.0","4.5","11.9","120.0","97"
"Karachi","24.8607","67.0011","2026-04-13T15:00","33.0","38","0.00","15.5","248","1008.4","5","133.6","42.8","273.0","5.3","11.1","113.0","98"
"Karachi","24.8607","67.0011","2026-04-13T16:00","32.3","42","0.00","15.8","246","1007.8","0","115.3","37.6","287.0","7.0","10.4","104.0","98"
"Karachi","24.8607","67.0011","2026-04-13T17:00","30.8","49","0.00","17.7","249","1007.6","7","81.3","27.2","316.0","9.2","9.5","96.0","97"
"Karachi","24.8607","67.0011","2026-04-13T18:00","29.5","54","0.00","16.2","251","1007.5","0","71.0","27.2","373.0","12.5","9.2","89.0","97"
"Karachi","24.8607","67.0011","2026-04-13T19:00","28.3","60","0.00","13.8","258","1007.8","12","60.1","27.5","444.0","16.9","8.8","79.0","96"
"Karachi","24.8607","67.0011","2026-04-13T20:00","27.9","62","0.00","10.6","268","1008.4","3","54.2","25.0","492.0","19.3","8.4","73.0","95"
"Karachi","24.8607","67.0011","2026-04-13T21:00","27.5","64","0.00","9.4","271","1008.9","9","44.8","21.7","503.0","18.0","8.0","74.0","94"
"Karachi","24.8607","67.0011","2026-04-13T22:00","27.3","65","0.00","9.9","285","1009.4","0","39.5","18.5","491.0","14.8","7.6","79.0","93"
"Karachi","24.8607","67.0011","2026-04-13T23:00","26.9","67","0.00","8.4","285","1009.7","0","38.1","16.5","455.0","11.7","7.1","84.0","91"
"Karachi","24.8607","67.0011","2026-04-14T00:00","26.5","70","0.00","9.0","275","1009.2","0","34.8","15.1","379.0","9.2","6.4","87.0","90"
"Karachi","24.8607","67.0011","2026-04-14T01:00","26.1","72","0.00","10.9","263","1008.7","29","28.2","13.6","278.0","6.8","5.7","89.0","88"
"Karachi","24.8607","67.0011","2026-04-14T02:00","26.0","73","0.00","11.4","265","1008.0","72","23.9","12.4","205.0","5.2","5.3","90.0","86"
"Karachi","24.8607","67.0011","2026-04-14T03:00","26.0","71","0.00","13.2","263","1007.3","88","26.9","12.1","162.0","4.3","5.2","89.0","85"
"Karachi","24.8607","67.0011","2026-04-14T04:00","26.0","72","0.00","12.8","260","1007.1","97","28.8","12.2","145.0","4.3","5.4","87.0","83"
"Karachi","24.8607","67.0011","2026-04-14T05:00","25.8","77","0.00","11.3","272","1007.2","99","44.5","14.8","196.0","6.4","6.1","83.0","83"
"Karachi","24.8607","67.0011","2026-04-14T06:00","25.8","77","0.00","10.4","281","1007.7","93","43.9","16.0","391.0","10.9","6.8","78.0","82"
"Karachi","24.8607","67.0011","2026-04-14T07:00","25.9","76","0.00","9.1","284","1008.2","98","51.8","19.8","653.0","16.9","7.8","72.0","82"
"Karachi","24.8607","67.0011","2026-04-14T08:00","27.5","69","0.00","7.2","284","1008.8","77","74.0","25.7","795.0","20.1","9.3","73.0","81"
"Karachi","24.8607","67.0011","2026-04-14T09:00","29.8","57","0.00","8.1","273","1009.0","25","130.9","34.5","698.0","17.6","11.7","88.0","81"
"Karachi","24.8607","67.0011","2026-04-14T10:00","31.8","48","0.00","9.4","265","1009.4","0","191.4","44.9","481.0","12.2","14.6","110.0","81"
"Karachi","24.8607","67.0011","2026-04-14T11:00","32.0","50","0.00","13.1","257","1009.8","0","238.0","54.7","312.0","7.9","16.5","127.0","82"
"Karachi","24.8607","67.0011","2026-04-14T12:00","32.9","45","0.00","13.3","260","1009.4","0","258.0","60.5","260.0","5.9","16.6","134.0","83"
"Karachi","24.8607","67.0011","2026-04-14T13:00","33.3","43","0.00","14.4","257","1008.6","0","253.3","62.4","256.0","4.9","15.6","137.0","84"
"Karachi","24.8607","67.0011","2026-04-14T14:00","33.2","42","0.00","15.0","257","1008.0","10","240.3","61.9","268.0","5.0","14.4","135.0","86"
"Karachi","24.8607","67.0011","2026-04-14T15:00","32.5","44","0.00","15.0","257","1007.3","16","217.0","58.8","287.0","6.4","13.2","128.0","87"
"Karachi","24.8607","67.0011","2026-04-14T16:00","31.9","47","0.00","13.5","254","1006.8","16","178.3","51.9","321.0","8.9","11.7","117.0","88"
"Karachi","24.8607","67.0011","2026-04-14T17:00","30.8","52","0.00","11.6","248","1006.3","2","139.7","43.1","365.0","11.9","11.5","107.0","90"
"Karachi","24.8607","67.0011","2026-04-14T18:00","29.3","55","0.00","12.3","259","1006.5","0","97.1","33.9","430.0","16.1","10.7","98.0","91"
"Karachi","24.8607","67.0011","2026-04-14T19:00","27.9","58","0.00","9.4","271","1006.8","0","70.5","29.0","505.0","21.7","9.5","87.0","92"
"Karachi","24.8607","67.0011","2026-04-14T20:00","27.0","66","0.00","9.2","259","1007.2","0","58.6","25.6","551.0","25.1","8.7","79.0","92"
"Karachi","24.8607","67.0011","2026-04-14T21:00","26.4","74","0.00","8.6","255","1007.7","0","51.8","24.8","549.0","24.3","8.5","79.0","92"
"Karachi","24.8607","67.0011","2026-04-14T22:00","25.9","78","0.00","8.5","266","1008.3","20","50.6","25.3","518.0","21.3","8.6","84.0","92"
"Karachi","24.8607","67.0011","2026-04-14T23:00","25.8","79","0.00","8.6","262","1008.2","2","52.9","26.4","474.0","18.4","8.6","87.0","93"
"Karachi","24.8607","67.0011","2026-04-15T00:00","25.6","79","0.00","6.2","285","1008.0","24","55.3","27.2","413.0","16.2","8.2","88.0","94"
"Karachi","24.8607","67.0011","2026-04-15T01:00","25.2","80","0.00","5.3","298","1007.2","68","55.1","27.0","340.0","14.1","7.7","89.0","95"
"Karachi","24.8607","67.0011","2026-04-15T02:00","25.0","80","0.00","7.2","288","1006.5","59","51.6","25.9","284.0","12.6","7.4","88.0","96"
"Karachi","24.8607","67.0011","2026-04-15T03:00","25.0","78","0.00","8.8","285","1006.0","99","48.0","24.7","228.0","11.2","7.5","86.0","97"
"Karachi","24.8607","67.0011","2026-04-15T04:00","25.0","77","0.00","7.7","295","1005.7","100","45.1","23.7","189.0","10.3","7.9","82.0","98"
"Karachi","24.8607","67.0011","2026-04-15T05:00","24.6","80","0.00","5.2","304","1005.4","96","42.3","23.1","247.0","12.6","8.6","74.0","99"
"Karachi","24.8607","67.0011","2026-04-15T06:00","24.6","80","0.00","5.6","297","1005.8","75","46.7","25.4","518.0","21.3","10.4","66.0","100"
"Karachi","24.8607","67.0011","2026-04-15T07:00","24.7","80","0.00","5.2","284","1006.3","1","54.7","32.9","887.0","33.0","13.1","55.0","101"
"Karachi","24.8607","67.0011","2026-04-15T08:00","26.4","75","0.00","3.7","259","1007.0","97","56.1","33.4","1087.0","39.2","16.0","58.0","102"
"Karachi","24.8607","67.0011","2026-04-15T09:00","28.4","68","0.00","5.8","244","1007.3","100","72.2","32.4","950.0","34.8","19.6","85.0","103"
"Karachi","24.8607","67.0011","2026-04-15T10:00","30.0","62","0.00","8.0","239","1007.7","98","86.8","34.2","644.0","24.9","23.4","126.0","103"
"Karachi","24.8607","67.0011","2026-04-15T11:00","30.8","60","0.00","10.7","241","1008.0","99","101.3","37.8","404.0","16.5","25.7","159.0","102"
"Karachi","24.8607","67.0011","2026-04-15T12:00","31.5","57","0.00","12.2","241","1007.8","98","107.6","40.2","324.0","11.9","25.5","181.0","100"
"Karachi","24.8607","67.0011","2026-04-15T13:00","32.0","53","0.00","12.6","236","1007.2","100","103.1","39.5","309.0","8.8","23.7","196.0","98"
"Karachi","24.8607","67.0011","2026-04-15T14:00","32.2","50","0.00","12.9","233","1006.2","100","100.1","37.5","311.0","7.4","21.5","199.0","96"
"Karachi","24.8607","67.0011","2026-04-15T15:00","32.0","51","0.00","12.3","235","1005.4","53","97.8","35.2","320.0","7.9","18.7","182.0","94"
"Karachi","24.8607","67.0011","2026-04-15T16:00","31.2","56","0.00","12.4","236","1004.9","95","95.0","32.8","346.0","10.1","15.5","153.0","119"
"Karachi","24.8607","67.0011","2026-04-15T17:00","29.2","67","0.00","13.5","243","1005.1","100","91.7","30.4","370.0","12.8","13.1","128.0","139"
"Karachi","24.8607","67.0011","2026-04-15T18:00","28.0","73","0.00","13.0","246","1005.2","100","81.5","29.5","381.0","17.1","11.9","112.0","148"
"Karachi","24.8607","67.0011","2026-04-15T19:00","26.9","79","0.00","11.2","254","1005.6","96","63.3","27.9","390.0","23.0","10.2","91.0","145"
"Karachi","24.8607","67.0011","2026-04-15T20:00","26.5","81","0.00","9.7","268","1006.2","92","55.9","26.3","405.0","26.8","9.0","75.0","131"
"Karachi","24.8607","67.0011","2026-04-15T21:00","26.1","82","0.00","9.4","269","1006.7","91","47.3","23.8","449.0","26.6","9.0","71.0","108"
"Karachi","24.8607","67.0011","2026-04-15T22:00","25.7","84","0.00","7.9","273","1006.8","95","39.0","22.1","499.0","24.4","9.5","74.0","89"
"Karachi","24.8607","67.0011","2026-04-15T23:00","25.7","80","0.00","7.8","277","1006.7","100","33.4","20.8","503.0","21.8","9.8","77.0","88"
"Karachi","24.8607","67.0011","2026-04-16T00:00","25.8","73","0.00","10.0","288","1006.2","100","29.3","19.5","414.0","19.3","9.4","80.0","88"
"Karachi","24.8607","67.0011","2026-04-16T01:00","25.7","69","0.00","10.9","283","1005.9","98","25.1","17.7","279.0","16.5","8.6","83.0","87"
"Karachi","24.8607","67.0011","2026-04-16T02:00","25.5","68","0.00","11.3","283","1005.5","81","21.0","15.5","180.0","13.9","8.0","87.0","86"
"Karachi","24.8607","67.0011","2026-04-16T03:00","25.4","66","0.00","10.8","285","1005.2","30","17.5","13.3","143.0","11.1","7.4","93.0","85"
"Karachi","24.8607","67.0011","2026-04-16T04:00","25.0","66","0.00","10.2","288","1004.8","23","15.8","11.9","144.0","8.4","7.0","99.0","84"
"Karachi","24.8607","67.0011","2026-04-16T05:00","24.9","72","0.00","10.8","285","1004.6","73","16.6","11.4","189.0","7.5","7.0","103.0","83"
"Karachi","24.8607","67.0011","2026-04-16T06:00","24.9","72","0.00","10.9","278","1005.1","100","17.1","12.1","325.0","11.0","7.8","102.0","82"
"Karachi","24.8607","67.0011","2026-04-16T07:00","25.2","70","0.00","10.8","271","1005.7","100","20.2","15.0","507.0","15.7","9.0","100.0","81"
"Karachi","24.8607","67.0011","2026-04-16T08:00","26.6","67","0.00","10.4","260","1006.5","100","24.2","17.3","603.0","17.9","10.4","103.0","79"
"Karachi","24.8607","67.0011","2026-04-16T09:00","28.1","59","0.00","12.4","253","1007.1","100","25.5","17.3","530.0","15.2","12.2","114.0","78"
"Karachi","24.8607","67.0011","2026-04-16T10:00","29.3","53","0.00","12.6","248","1007.4","99","25.1","16.4","371.0","10.0","14.2","130.0","77"
"Karachi","24.8607","67.0011","2026-04-16T11:00","29.6","50","0.00","15.4","251","1008.1","100","24.5","15.7","251.0","6.0","15.5","141.0","75"
"Karachi","24.8607","67.0011","2026-04-16T12:00","29.8","50","0.00","16.1","248","1008.1","100","23.5","14.7","219.0","4.4","15.5","143.0","73"
"Karachi","24.8607","67.0011","2026-04-16T13:00","29.9","53","0.00","16.4","251","1007.7","100","23.8","14.6","226.0","4.0","14.9","140.0","71"
"Karachi","24.8607","67.0011","2026-04-16T14:00","30.2","50","0.00","15.6","253","1006.9","100","24.9","14.8","244.0","4.5","14.4","136.0","74"
"Karachi","24.8607","67.0011","2026-04-16T15:00","30.1","51","0.00","14.8","252","1006.2","100","27.3","15.5","265.0","5.3","14.4","133.0","81"
"Karachi","24.8607","67.0011","2026-04-16T16:00","29.5","54","0.00","14.6","254","1005.6","100","31.2","16.8","297.0","6.9","14.5","128.0","88"
"Karachi","24.8607","67.0011","2026-04-16T17:00","28.5","60","0.00","12.5","247","1005.1","100","43.3","21.0","336.0","10.6","14.8","121.0","93"
"Karachi","24.8607","67.0011","2026-04-16T18:00","27.8","65","0.00","11.2","244","1005.2","100","49.1","23.9","390.0","17.5","14.7","107.0","95"
"Karachi","24.8607","67.0011","2026-04-16T19:00","26.9","71","0.00","9.3","238","1005.6","97","49.2","26.5","450.0","27.1","14.6","87.0","90"
"Karachi","24.8607","67.0011","2026-04-16T20:00","26.4","76","0.00","8.9","236","1006.2","97","54.7","29.0","492.0","34.4","14.4","71.0","78"
"Karachi","24.8607","67.0011","2026-04-16T21:00","26.1","79","0.00","9.8","235","1007.1","85","57.3","30.3","505.0","38.0","14.4","63.0","63"
"Karachi","24.8607","67.0011","2026-04-16T22:00","25.9","80","0.00","9.6","237","1007.6","0","58.6","31.5","499.0","39.4","14.3","59.0","63"
"Karachi","24.8607","67.0011","2026-04-16T23:00","25.7","81","0.00","9.3","241","1008.0","0","59.6","32.0","479.0","38.1","13.8","59.0","64"
"Karachi","24.8607","67.0011","2026-04-17T00:00","25.6","80","0.00","8.7","246","1008.0","0","59.5","31.0","440.0","32.9","12.3","64.0","65"
"Karachi","24.8607","67.0011","2026-04-17T01:00","25.3","83","0.00","8.3","252","1007.4","0","57.9","28.8","387.0","25.0","10.3","73.0","66"
"Karachi","24.8607","67.0011","2026-04-17T02:00","25.0","85","0.00","8.6","258","1007.2","6","56.0","26.7","333.0","18.3","8.8","81.0","67"
"Karachi","24.8607","67.0011","2026-04-17T03:00","24.9","85","0.00","9.4","270","1007.0","81","54.2","24.7","268.0","13.6","8.0","88.0","68"
"Karachi","24.8607","67.0011","2026-04-17T04:00","24.9","84","0.00","9.6","273","1007.0","82","51.3","23.1","203.0","10.0","7.7","94.0","69"
"Karachi","24.8607","67.0011","2026-04-17T05:00","25.0","85","0.00","11.1","277","1007.1","5","43.9","21.3","188.0","8.2","7.6","100.0","70"
"Karachi","24.8607","67.0011","2026-04-17T06:00","24.8","86","0.00","10.8","285","1007.5","25","40.9","21.1","277.0","11.8","8.3","98.0","71"
"Karachi","24.8607","67.0011","2026-04-17T07:00","25.0","86","0.00","10.4","288","1008.1","0","39.6","22.8","417.0","16.6","9.4","97.0","71"
"Karachi","24.8607","67.0011","2026-04-17T08:00","26.6","77","0.00","10.8","288","1009.0","0","41.6","24.4","499.0","19.0","10.7","101.0","72"
"Karachi","24.8607","67.0011","2026-04-17T09:00","28.6","66","0.00","11.9","285","1009.8","0","41.8","24.6","461.0","16.5","12.6","116.0","73"
"Karachi","24.8607","67.0011","2026-04-17T10:00","30.9","54","0.00","11.3","277","1010.1","30","45.1","24.9","364.0","11.5","14.7","136.0","73"
"Karachi","24.8607","67.0011","2026-04-17T11:00","32.3","45","0.00","13.3","267","1010.1","97","49.2","24.2","287.0","7.6","16.1","150.0","74"
"Karachi","24.8607","67.0011","2026-04-17T12:00","33.0","43","0.00","14.9","261","1009.9","84","51.3","23.2","255.0","5.8","16.0","151.0","75"
"Karachi","24.8607","67.0011","2026-04-17T13:00","33.3","40","0.00","15.5","261","1009.4","53","51.7","22.2","243.0","5.0","15.2","146.0","76"
"Karachi","24.8607","67.0011","2026-04-17T14:00","33.5","38","0.00","15.7","261","1008.7","86","50.3","21.2","246.0","5.4","14.4","138.0","78"
"Karachi","24.8607","67.0011","2026-04-17T15:00","33.2","37","0.00","14.8","256","1008.0","83","50.1","20.5","263.0","6.5","14.0","129.0","87"
"Karachi","24.8607","67.0011","2026-04-17T16:00","32.6","36","0.00","13.4","250","1007.4","9","51.0","20.3","296.0","8.8","13.6","117.0","93"
"Karachi","24.8607","67.0011","2026-04-17T17:00","31.4","36","0.00","13.4","256","1007.6","0","47.1","19.0","345.0","13.6","13.0","103.0","97"
"Karachi","24.8607","67.0011","2026-04-17T18:00","29.9","43","0.00","12.1","263","1007.4","98","44.1","19.6","428.0","22.0","12.6","87.0","94"
"Karachi","24.8607","67.0011","2026-04-17T19:00","28.0","55","0.00","10.5","267","1007.9","100","40.6","21.5","527.0","33.5","12.0","65.0","84"
"Karachi","24.8607","67.0011","2026-04-17T20:00","27.3","59","0.00","8.7","264","1008.5","99","40.9","22.5","588.0","40.8","11.5","49.0","77"
"Karachi","24.8607","67.0011","2026-04-17T21:00","26.6","66","0.00","8.9","262","1009.1","2","40.3","22.4","586.0","40.4","11.2","46.0","76"
"Karachi","24.8607","67.0011","2026-04-17T22:00","26.0","72","0.00","8.8","271","1009.8","99","39.0","21.7","546.0","35.9","10.9","48.0","75"
"Karachi","24.8607","67.0011","2026-04-17T23:00","25.6","75","0.00","7.9","266","1009.8","96","37.7","20.9","493.0","31.0","10.5","52.0","74"
"Karachi","24.8607","67.0011","2026-04-18T00:00","25.2","81","0.00","7.7","259","1009.7","22","37.0","20.0","426.0","26.4","9.7","55.0","73"
"Karachi","24.8607","67.0011","2026-04-18T01:00","24.9","84","0.00","7.7","259","1009.3","28","36.7","18.9","346.0","21.3","8.7","59.0","72"
"Karachi","24.8607","67.0011","2026-04-18T02:00","24.5","87","0.00","8.2","261","1008.7","85","36.4","17.9","281.0","17.2","8.1","62.0","72"
"Karachi","24.8607","67.0011","2026-04-18T03:00","24.2","86","0.00","8.0","260","1008.1","100","35.9","17.0","228.0","14.5","7.9","63.0","71"
"Karachi","24.8607","67.0011","2026-04-18T04:00","24.1","86","0.00","8.2","256","1007.8","73","37.5","16.6","190.0","12.8","8.0","62.0","70"
"Karachi","24.8607","67.0011","2026-04-18T05:00","24.1","85","0.00","8.6","269","1007.9","83","36.8","14.9","205.0","11.1","7.8","67.0","70"
"Karachi","24.8607","67.0011","2026-04-18T06:00","23.9","86","0.00","9.7","274","1008.3","51","43.2","16.2","329.0","14.3","8.9","69.0","69"
"Karachi","24.8607","67.0011","2026-04-18T07:00","24.2","84","0.00","9.7","271","1008.7","0","53.4","20.4","506.0","18.6","10.5","72.0","69"
"Karachi","24.8607","67.0011","2026-04-18T08:00","25.9","75","0.00","9.9","268","1009.3","20","77.1","23.6","600.0","20.3","12.3","82.0","68"
"Karachi","24.8607","67.0011","2026-04-18T09:00","27.5","64","0.00","10.6","267","1009.6","99","121.5","29.2","525.0","17.1","14.6","103.0","68"
"Karachi","24.8607","67.0011","2026-04-18T10:00","28.9","55","0.00","12.2","262","1010.1","98","137.8","32.4","367.0","11.3","17.2","131.0","69"
"Karachi","24.8607","67.0011","2026-04-18T11:00","29.1","54","0.00","14.0","258","1010.3","16","134.6","32.4","248.0","6.8","18.9","151.0","69"
"Karachi","24.8607","67.0011","2026-04-18T12:00","30.1","50","0.00","14.2","254","1010.2","70","123.4","31.2","219.0","4.9","19.1","158.0","70"
"Karachi","24.8607","67.0011","2026-04-18T13:00","30.4","49","0.00","14.5","249","1009.8","99","109.0","29.3","229.0","4.3","18.4","157.0","71"
"Karachi","24.8607","67.0011","2026-04-18T14:00","30.4","49","0.00","14.3","243","1008.9","83","94.1","27.0","248.0","4.6","17.5","153.0","71"
"Karachi","24.8607","67.0011","2026-04-18T15:00","30.1","47","0.00","14.2","238","1008.1","100","78.5","24.2","269.0","5.3","16.7","147.0","81"
"Karachi","24.8607","67.0011","2026-04-18T16:00","29.4","55","0.00","14.6","236","1007.8","100","66.4","22.4","299.0","7.0","15.7","138.0","97"
"Karachi","24.8607","67.0011","2026-04-18T17:00","27.9","64","0.00","14.0","237","1007.7","100","55.1","20.1","326.0","9.7","15.1","129.0","109"
"Karachi","24.8607","67.0011","2026-04-18T18:00","27.0","70","0.00","14.0","244","1007.8","91","55.1","20.7","338.0","15.4","14.5","116.0","114"
"Karachi","24.8607","67.0011","2026-04-18T19:00","26.1","75","0.00","13.2","256","1008.4","2","55.6","23.7","348.0","23.3","13.7","97.0","111"
"Karachi","24.8607","67.0011","2026-04-18T20:00","25.8","76","0.00","10.7","264","1008.8","0","64.5","27.4","377.0","30.0","13.1","81.0","99"
"Karachi","24.8607","67.0011","2026-04-18T21:00","25.5","77","0.00","7.2","269","1009.0","0","67.8","29.6","458.0","35.1","13.2","70.0","83"
"Karachi","24.8607","67.0011","2026-04-18T22:00","25.0","79","0.00","6.4","260","1009.1","0","68.5","31.7","559.0","39.1","13.7","62.0","74"
"Karachi","24.8607","67.0011","2026-04-18T23:00","24.8","77","0.00","8.1","265","1009.5","0","68.5","32.4","610.0","39.7","13.5","58.0","75"
"Karachi","24.8607","67.0011","2026-04-19T00:00","24.6","79","0.00","8.2","261","1009.5","0","65.7","30.5","568.0","34.6","12.1","61.0","76"
"Karachi","24.8607","67.0011","2026-04-19T01:00","24.4","83","0.00","7.6","265","1009.0","0","60.1","27.2","476.0","26.1","10.2","69.0","77"
"Karachi","24.8607","67.0011","2026-04-19T02:00","24.0","85","0.00","8.6","269","1008.4","0","53.6","24.0","391.0","19.0","8.7","75.0","77"
"Karachi","24.8607","67.0011","2026-04-19T03:00","23.8","86","0.00","7.8","274","1007.9","0","48.1","21.5","313.0","14.9","8.1","77.0","78"
"Karachi","24.8607","67.0011","2026-04-19T04:00","23.6","87","0.00","8.3","269","1007.5","0","45.2","19.9","242.0","12.2","7.9","78.0","78"
"Karachi","24.8607","67.0011","2026-04-19T05:00","23.8","90","0.00","9.2","266","1007.3","0","36.7","18.8","230.0","11.2","8.4","79.0","79"
"Karachi","24.8607","67.0011","2026-04-19T06:00","23.8","89","0.00","8.5","276","1007.6","0","36.4","19.2","343.0","13.7","9.6","81.0","79"
"Karachi","24.8607","67.0011","2026-04-19T07:00","24.2","85","0.00","7.4","277","1008.2","0","38.2","21.9","517.0","16.9","11.4","84.0","79"
"Karachi","24.8607","67.0011","2026-04-19T08:00","25.9","76","0.00","7.7","270","1008.8","2","40.5","21.9","609.0","18.1","13.4","92.0","79"
"Karachi","24.8607","67.0011","2026-04-19T09:00","27.5","68","0.00","8.5","266","1009.3","3","39.2","21.5","533.0","15.2","16.1","111.0","79"
"Karachi","24.8607","67.0011","2026-04-19T10:00","28.9","61","0.00","10.2","260","1009.6","0","37.5","21.7","376.0","10.2","19.1","136.0","79"
"Karachi","24.8607","67.0011","2026-04-19T11:00","29.5","59","0.00","13.3","254","1010.1","2","36.7","21.8","259.0","6.3","20.9","154.0","78"
"Karachi","24.8607","67.0011","2026-04-19T12:00","30.2","56","0.00","14.9","255","1010.1","0","36.3","21.2","231.0","4.7","20.7","160.0","77"
"Karachi","24.8607","67.0011","2026-04-19T13:00","30.6","54","0.00","14.9","255","1009.5","0","37.3","20.8","242.0","4.1","19.4","159.0","76"
"Karachi","24.8607","67.0011","2026-04-19T14:00","30.9","53","0.00","14.5","253","1008.7","0","38.5","20.3","263.0","4.5","18.2","155.0","75"
"Karachi","24.8607","67.0011","2026-04-19T15:00","30.8","53","0.00","14.1","251","1008.1","0","40.2","19.8","288.0","5.7","17.5","149.0","90"
"Karachi","24.8607","67.0011","2026-04-19T16:00","30.3","53","0.00","13.7","247","1007.6","1","41.8","19.8","324.0","7.9","17.0","140.0","104"
"Karachi","24.8607","67.0011","2026-04-19T17:00","29.4","53","0.00","12.6","251","1007.4","5","25.0","12.4","360.0","10.4","14.8","129.0","114"
"Karachi","24.8607","67.0011","2026-04-19T18:00","28.3","60","0.00","11.2","254","1007.6","23","23.1","13.2","392.0","15.0","14.0","118.0","118"
"Karachi","24.8607","67.0011","2026-04-19T19:00","26.8","72","0.00","11.7","253","1007.7","13","20.9","14.6","425.0","21.5","12.8","102.0","114"
"Karachi","24.8607","67.0011","2026-04-19T20:00","26.0","79","0.00","10.9","254","1008.3","9","21.1","16.1","459.0","27.3","12.2","88.0","103"
"Karachi","24.8607","67.0011","2026-04-19T21:00","25.8","81","0.00","9.6","262","1008.6","0","22.2","17.6","515.0","32.3","12.7","77.0","88"
"Karachi","24.8607","67.0011","2026-04-19T22:00","25.5","84","0.00","6.6","286","1009.2","0","24.2","19.7","573.0","36.5","13.7","68.0","70"
"Karachi","24.8607","67.0011","2026-04-19T23:00","25.0","85","0.00","6.3","305","1009.4","0","26.3","21.8","577.0","37.5","14.1","64.0","69"
"Karachi","24.8607","67.0011","2026-04-20T00:00","24.9","86","0.00","7.5","291","1009.2","0","26.5","21.8","478.0","33.2","13.1","66.0","68"
"Karachi","24.8607","67.0011","2026-04-20T01:00","24.5","88","0.00","8.2","279","1008.6","0","25.4","20.0","326.0","25.7","11.4","73.0","67"
"Karachi","24.8607","67.0011","2026-04-20T02:00","24.4","89","0.00","8.6","278","1008.0","0","25.9","18.4","215.0","19.1","10.0","79.0","66"
"Karachi","24.8607","67.0011","2026-04-20T03:00","24.2","90","0.00","9.6","296","1007.8","0","28.5","17.3","182.0","14.3","8.9","83.0","66"
"Karachi","24.8607","67.0011","2026-04-20T04:00","24.0","91","0.00","8.8","301","1008.0","0","32.8","16.8","190.0","10.5","8.1","86.0","65"
"Karachi","24.8607","67.0011","2026-04-20T05:00","24.2","95","0.00","7.6","298","1007.7","0","31.5","16.2","220.0","8.5","7.9","89.0","65"
"Karachi","24.8607","67.0011","2026-04-20T06:00","24.1","95","0.00","7.7","279","1007.8","0","32.6","16.9","285.0","11.6","8.7","87.0","65"
"Karachi","24.8607","67.0011","2026-04-20T07:00","24.5","93","0.00","8.1","269","1008.2","4","36.7","20.0","371.0","15.8","10.0","86.0","65"
"Karachi","24.8607","67.0011","2026-04-20T08:00","26.2","83","0.00","10.6","273","1008.9","29","48.3","22.3","421.0","17.6","11.8","90.0","65"
"Karachi","24.8607","67.0011","2026-04-20T09:00","27.9","74","0.00","9.9","273","1009.6","4","57.6","23.7","399.0","14.9","14.8","106.0","65"
"Karachi","24.8607","67.0011","2026-04-20T10:00","29.5","65","0.00","9.9","260","1009.6","0","67.5","25.7","341.0","9.9","18.4","128.0","65"
"Karachi","24.8607","67.0011","2026-04-20T11:00","30.5","62","0.00","11.0","249","1009.5","2","77.3","28.3","294.0","6.0","20.9","145.0","65"
"Karachi","24.8607","67.0011","2026-04-20T12:00","31.3","59","0.00","12.5","242","1009.1","1","81.5","30.3","273.0","4.6","21.7","155.0","66"
"Karachi","24.8607","67.0011","2026-04-20T13:00","31.6","56","0.00","13.6","242","1008.6","0","79.9","30.5","262.0","4.4","21.5","161.0","66"
"Karachi","24.8607","67.0011","2026-04-20T14:00","31.5","53","0.00","14.1","245","1007.7","5","76.1","29.6","263.0","4.9","20.6","160.0","70"
"Karachi","24.8607","67.0011","2026-04-20T15:00","31.4","51","0.00","13.6","247","1007.2","3","67.5","27.6","280.0","5.9","18.6","150.0","86"
"Karachi","24.8607","67.0011","2026-04-20T16:00","30.9","52","0.00","13.7","251","1006.8","63","59.4","25.7","308.0","7.6","16.0","135.0","99"
"Karachi","24.8607","67.0011","2026-04-20T17:00","29.1","59","0.00","13.8","252","1006.7","84","44.7","21.2","335.0","11.3","14.8","120.0","109"
"Karachi","24.8607","67.0011","2026-04-20T18:00","28.0","66","0.00","12.7","255","1007.0","88","39.2","20.1","359.0","16.2","13.9","104.0","112"
"Karachi","24.8607","67.0011","2026-04-20T19:00","26.7","78","0.00","13.1","257","1007.5","95","34.7","20.1","382.0","23.0","12.6","83.0","107"
"Karachi","24.8607","67.0011","2026-04-20T20:00","26.1","81","0.00","11.1","262","1008.0","100","34.5","21.4","399.0","27.8","11.7","66.0","94"
"Karachi","24.8607","67.0011","2026-04-20T21:00","25.9","81","0.00","9.2","264","1008.6","77","34.7","21.8","413.0","28.8","11.5","60.0","75"
"Karachi","24.8607","67.0011","2026-04-20T22:00","25.6","81","0.00","7.4","267","1008.9","0","34.7","21.5","422.0","27.8","11.6","59.0","72"
"Karachi","24.8607","67.0011","2026-04-20T23:00","25.5","84","0.00","9.0","260","1008.8","30","34.5","21.7","415.0","26.2","11.5","58.0","72"
"Karachi","24.8607","67.0011","2026-04-21T00:00","25.4","85","0.00","7.9","266","1009.1","71","34.0","21.6","382.0","24.3","10.7","56.0","72"
"Karachi","24.8607","67.0011","2026-04-21T01:00","25.1","86","0.00","8.8","271","1008.7","97","32.9","21.0","333.0","21.8","9.6","55.0","72"
"Karachi","24.8607","67.0011","2026-04-21T02:00","24.8","87","0.00","7.7","279","1008.5","100","31.3","19.9","289.0","19.3","8.8","55.0","72"
"Karachi","24.8607","67.0011","2026-04-21T03:00","24.6","89","0.00","6.3","255","1008.1","6","29.2","18.5","248.0","16.7","8.4","56.0","72"
"Karachi","24.8607","67.0011","2026-04-21T04:00","24.4","91","0.00","7.8","257","1007.8","14","29.1","17.6","212.0","14.1","8.3","57.0","73"
"Karachi","24.8607","67.0011","2026-04-21T05:00","24.5","92","0.00","8.6","260","1007.6","1","33.2","17.1","204.0","11.1","8.1","62.0","73"
"Karachi","24.8607","67.0011","2026-04-21T06:00","24.5","93","0.00","9.0","255","1007.8","0","36.0","17.6","253.0","13.5","8.9","62.0","73"
"Karachi","24.8607","67.0011","2026-04-21T07:00","24.8","92","0.00","9.8","264","1008.3","0","40.5","20.1","331.0","16.7","10.1","62.0","73"
"Karachi","24.8607","67.0011","2026-04-21T08:00","26.3","83","0.00","12.6","268","1008.9","14","50.9","21.5","374.0","17.8","11.7","68.0","73"
"Karachi","24.8607","67.0011","2026-04-21T09:00","27.9","69","0.00","12.3","267","1009.4","86","61.9","22.3","344.0","15.0","14.1","84.0","73"
"Karachi","24.8607","67.0011","2026-04-21T10:00","29.2","61","0.00","13.5","260","1009.7","1","66.1","23.3","280.0","10.2","16.9","105.0","73"
"Karachi","24.8607","67.0011","2026-04-21T11:00","29.8","58","0.00","14.9","250","1009.7","0","69.8","24.3","232.0","6.4","18.5","120.0","72"
"Karachi","24.8607","67.0011","2026-04-21T12:00","30.5","54","0.00","15.3","246","1009.4","0","69.4","24.1","221.0","4.6","17.7","123.0","72"
"Karachi","24.8607","67.0011","2026-04-21T13:00","31.0","50","0.00","15.4","247","1008.8","32","68.7","23.1","228.0","3.8","15.7","119.0","71"
"Karachi","24.8607","67.0011","2026-04-21T14:00","31.1","47","0.00","15.5","247","1007.8","28","68.5","22.2","241.0","3.9","14.1","113.0","71"
"Karachi","24.8607","67.0011","2026-04-21T15:00","30.5","51","0.00","15.7","243","1007.3","80","67.1","21.9","262.0","4.5","13.5","105.0","70"
"Karachi","24.8607","67.0011","2026-04-21T16:00","29.8","56","0.00","15.4","243","1006.8","84","64.0","21.6","289.0","5.9","13.3","95.0","70"
"Karachi","24.8607","67.0011","2026-04-21T17:00","28.8","58","0.00","14.0","244","1006.4","20","61.2","22.0","313.0","9.2","13.7","86.0","69"
"Karachi","24.8607","67.0011","2026-04-21T18:00","27.8","64","0.00","12.7","247","1006.4","16","54.9","21.1","323.0","14.5","13.2","74.0","69"
"Karachi","24.8607","67.0011","2026-04-21T19:00","26.6","75","0.00","11.2","248","1006.8","5","44.1","20.4","329.0","21.7","12.6","57.0","69"
"Karachi","24.8607","67.0011","2026-04-21T20:00","26.1","81","0.00","11.1","250","1007.2","0","40.3","21.1","349.0","27.1","12.1","44.0","69"
"Karachi","24.8607","67.0011","2026-04-21T21:00","26.0","82","0.00","9.1","249","1007.6","4","39.1","21.1","411.0","29.2","12.0","39.0","69"
"Karachi","24.8607","67.0011","2026-04-21T22:00","25.7","83","0.00","8.2","237","1008.1","2","38.5","21.3","487.0","29.4","12.2","37.0","69"
"Karachi","24.8607","67.0011","2026-04-21T23:00","25.6","86","0.00","7.9","221","1008.2","6","37.8","21.7","515.0","28.3","11.9","37.0","69"
"Karachi","24.8607","67.0011","2026-04-22T00:00","25.5","88","0.00","6.0","249","1008.3","0","36.6","21.2","448.0","25.5","10.9","38.0","69"
"Karachi","24.8607","67.0011","2026-04-22T01:00","25.2","90","0.00","6.5","262","1007.9","2","35.2","20.1","332.0","21.5","9.6","41.0","69"
"Karachi","24.8607","67.0011","2026-04-22T02:00","25.0","92","0.00","8.4","255","1007.6","22","32.9","18.6","242.0","18.0","8.5","43.0","69"
"Karachi","24.8607","67.0011","2026-04-22T03:00","25.0","92","0.00","8.8","255","1007.0","10","31.3","17.5","204.0","15.5","7.8","43.0","69"
"Karachi","24.8607","67.0011","2026-04-22T04:00","24.9","92","0.00","9.9","258","1006.8","11","29.9","16.6","191.0","13.5","7.4","43.0","69"
"Karachi","24.8607","67.0011","2026-04-22T05:00","24.7","93","0.00","8.9","264","1007.0","26","27.1","14.7","199.0","9.8","7.2","49.0","69"
"Karachi","24.8607","67.0011","2026-04-22T06:00","25.0","91","0.00","9.4","253","1007.2","8","27.1","14.8","241.0","10.5","8.6","51.0","69"
"Karachi","24.8607","67.0011","2026-04-22T07:00","25.5","87","0.00","11.0","256","1007.7","6","29.0","16.4","303.0","11.4","10.5","54.0","68"
"Karachi","24.8607","67.0011","2026-04-22T08:00","26.8","79","0.00","12.3","262","1008.7","5","31.4","15.9","337.0","11.3","12.2","59.0","68"
"Karachi","24.8607","67.0011","2026-04-22T09:00","28.1","71","0.00","13.7","265","1009.1","23","31.9","15.6","314.0","9.4","13.4","70.0","68"
"Karachi","24.8607","67.0011","2026-04-22T10:00","29.2","66","0.00","14.3","263","1009.3","28","32.9","16.0","263.0","6.6","14.3","83.0","67"
"Karachi","24.8607","67.0011","2026-04-22T11:00","30.1","61","0.00","15.8","262","1008.9","3","33.8","16.4","225.0","4.5","14.7","93.0","66"
"Karachi","24.8607","67.0011","2026-04-22T12:00","30.7","60","0.00","16.7","263","1008.5","7","34.7","16.4","215.0","3.6","14.2","97.0","66"
"Karachi","24.8607","67.0011","2026-04-22T13:00","31.3","56","0.00","15.8","258","1007.5","10","34.8","16.1","218.0","3.3","13.2","97.0","65"
"Karachi","24.8607","67.0011","2026-04-22T14:00","31.1","57","0.00","16.1","248","1006.7","16","34.5","15.9","226.0","3.6","12.3","94.0","64"
"Karachi","24.8607","67.0011","2026-04-22T15:00","30.3","63","0.00","17.1","242","1006.2","23","34.1","15.7","239.0","4.2","11.8","89.0","64"
"Karachi","24.8607","67.0011","2026-04-22T16:00","29.5","70","0.00","16.7","243","1005.8","6","33.1","15.5","258.0","5.4","11.4","81.0","63"
"Karachi","24.8607","67.0011","2026-04-22T17:00","28.6","74","0.00","14.5","243","1005.5","62","20.8","11.7","274.0","8.2","11.4","74.0","63"
"Karachi","24.8607","67.0011","2026-04-22T18:00","27.9","78","0.00","14.6","244","1005.7","98","20.9","12.0","286.0","13.0","11.4","65.0","62"
"Karachi","24.8607","67.0011","2026-04-22T19:00","26.9","84","0.00","12.6","236","1005.8","100","20.4","13.1","295.0","19.6","11.4","53.0","61"
"Karachi","24.8607","67.0011","2026-04-22T20:00","26.8","86","0.00","11.6","238","1006.2","100","21.7","14.3","297.0","23.5","11.2","45.0","60"
"Karachi","24.8607","67.0011","2026-04-22T21:00","26.5","88","0.00","10.3","234","1006.6","4","21.6","14.1","290.0","22.4","10.9","45.0","60"
"Karachi","24.8607","67.0011","2026-04-22T22:00","26.4","90","0.00","7.9","229","1007.0","3","20.5","13.6","275.0","18.7","10.5","49.0","59"
"Karachi","24.8607","67.0011","2026-04-22T23:00","26.4","89","0.00","8.9","251","1007.2","0","19.6","13.2","255.0","15.2","9.9","52.0","59"
"Karachi","24.8607","67.0011","2026-04-23T00:00","26.4","89","0.00","8.9","262","1007.2","98","18.9","12.8","224.0","12.8","9.1","54.0","58"
"Karachi","24.8607","67.0011","2026-04-23T01:00","26.1","90","0.00","10.0","262","1007.0","7","18.6","12.4","186.0","10.7","8.2","55.0","57"
"Karachi","24.8607","67.0011","2026-04-23T02:00","25.9","91","0.00","10.6","251","1006.3","4","18.7","12.2","160.0","9.1","7.5","56.0","56"
"Karachi","24.8607","67.0011","2026-04-23T03:00","25.7","93","0.00","10.5","264","1006.3","5","18.7","12.1","149.0","8.3","7.2","55.0","56"
"Karachi","24.8607","67.0011","2026-04-23T04:00","25.5","93","0.00","9.8","257","1006.2","5","18.8","12.0","149.0","8.0","7.3","54.0","55"
"Karachi","24.8607","67.0011","2026-04-23T05:00","25.5","95","0.00","11.2","242","1006.3","19","19.4","12.1","165.0","7.6","7.6","56.0","55"
"Karachi","24.8607","67.0011","2026-04-23T06:00","25.5","94","0.00","12.6","243","1006.7","21","20.3","12.6","214.0","9.3","8.4","55.0","55"
"Karachi","24.8607","67.0011","2026-04-23T07:00","26.0","90","0.00","14.6","244","1007.2","44","23.0","14.8","280.0","11.4","9.7","55.0","54"
"Karachi","24.8607","67.0011","2026-04-23T08:00","27.2","82","0.00","14.6","251","1008.1","59","27.1","16.1","319.0","12.3","10.9","59.0","54"
"Karachi","24.8607","67.0011","2026-04-23T09:00","28.3","75","0.00","14.1","251","1008.4","44","29.9","16.9","304.0","10.6","12.2","70.0","54"
"Karachi","24.8607","67.0011","2026-04-23T10:00","29.5","71","0.00","13.4","248","1008.3","33","32.5","17.6","262.0","7.5","13.6","85.0","54"
"Karachi","24.8607","67.0011","2026-04-23T11:00","30.0","66","0.00","14.5","248","1008.8","35","35.5","18.2","229.0","5.1","14.4","97.0","55"
"Karachi","24.8607","67.0011","2026-04-23T12:00","30.9","62","0.00","15.8","251","1008.5","0","37.4","18.3","218.0","4.0","14.2","102.0","55"
"Karachi","24.8607","67.0011","2026-04-23T13:00","31.5","57","0.00","16.1","250","1007.8","0","39.3","18.3","216.0","3.7","13.4","104.0","55"
"Karachi","24.8607","67.0011","2026-04-23T14:00","31.5","58","0.00","16.4","249","1007.1","0","40.5","18.3","222.0","4.0","12.7","102.0","55"
"Karachi","24.8607","67.0011","2026-04-23T15:00","31.2","60","0.00","15.9","247","1006.5","0","41.0","18.2","237.0","4.9","12.3","97.0","55"
"Karachi","24.8607","67.0011","2026-04-23T16:00","31.0","61","0.00","14.0","252","1006.2","64","39.0","18.0","260.0","6.5","12.1","89.0","56"
"Karachi","24.8607","67.0011","2026-04-23T17:00","29.8","67","0.00","12.1","250","1005.7","99","22.6","12.5","289.0","9.6","12.9","80.0","56"
"Karachi","24.8607","67.0011","2026-04-23T18:00","29.0","71","0.00","7.3","250","1006.4","42","22.6","13.9","327.0","15.5","13.1","68.0","56"
"Karachi","24.8607","67.0011","2026-04-23T19:00","28.0","76","0.00","8.7","246","1007.0","91","21.9","15.4","371.0","23.5","13.3","51.0","56"
"Karachi","24.8607","67.0011","2026-04-23T20:00","27.2","82","0.00","10.7","234","1006.9","95","22.5","16.5","411.0","28.9","13.3","39.0","56"
"Karachi","24.8607","67.0011","2026-04-23T21:00","26.8","86","0.00","10.8","238","1007.0","96","23.1","16.8","456.0","29.6","13.0","35.0","56"
"Karachi","24.8607","67.0011","2026-04-23T22:00","26.5","87","0.00","6.8","287","1008.0","24","24.6","17.2","498.0","27.7","12.5","36.0","57"
"Karachi","24.8607","67.0011","2026-04-23T23:00","26.5","89","0.00","6.5","268","1007.7","26","25.9","17.8","500.0","25.2","11.9","38.0","57"
"Karachi","24.8607","67.0011","2026-04-24T00:00","26.4","90","0.00","6.0","279","1007.6","95","26.8","18.0","428.0","22.6","11.1","39.0","57"
"Karachi","24.8607","67.0011","2026-04-24T01:00","26.1","92","0.00","6.9","287","1007.1","100","27.1","17.5","315.0","19.4","10.2","41.0","58"
"Karachi","24.8607","67.0011","2026-04-24T02:00","26.1","92","0.00","8.0","290","1006.9","100","26.5","16.5","229.0","16.4","9.3","43.0","58"
"Karachi","24.8607","67.0011","2026-04-24T03:00","25.9","93","0.00","7.1","280","1006.9","100","25.6","15.1","192.0","13.3","8.3","46.0","59"
"Karachi","24.8607","67.0011","2026-04-24T04:00","25.7","94","0.00","6.4","260","1006.9","100","25.4","14.3","182.0","10.4","7.5","49.0","59"
"Karachi","24.8607","67.0011","2026-04-24T05:00","25.6","97","0.00","7.1","261","1006.7","98","28.2","14.4","192.0","9.6","7.4","50.0","59"
"Karachi","24.8607","67.0011","2026-04-24T06:00","25.8","96","0.00","7.7","269","1007.2","82","28.6","15.1","237.0","10.7","8.9","50.0","59"
"Karachi","24.8607","67.0011","2026-04-24T07:00","26.1","93","0.00","8.5","271","1007.8","74","32.8","17.1","304.0","12.2","11.0","52.0","60"
"Karachi","24.8607","67.0011","2026-04-24T08:00","27.5","83","0.00","11.7","267","1008.5","46","36.4","17.5","342.0","12.6","12.9","57.0","60"
"Karachi","24.8607","67.0011","2026-04-24T09:00","29.0","76","0.00","10.9","257","1008.7","22","38.2","18.5","324.0","11.0","14.7","70.0","60"
"Karachi","24.8607","67.0011","2026-04-24T10:00","30.1","72","0.00","11.7","249","1008.8","2","40.7","19.6","278.0","8.3","16.3","88.0","60"
"Karachi","24.8607","67.0011","2026-04-24T11:00","30.2","69","0.00","14.0","248","1008.9","18","44.9","21.0","243.0","6.2","17.2","101.0","60"
"Karachi","24.8607","67.0011","2026-04-24T12:00","31.0","64","0.00","14.4","247","1008.6","13","47.4","21.5","232.0","5.0","16.9","108.0","60"
"Karachi","24.8607","67.0011","2026-04-24T13:00","31.2","63","0.00","14.5","242","1008.1","2","48.1","21.1","232.0","4.3","15.8","110.0","61"
"Karachi","24.8607","67.0011","2026-04-24T14:00","31.0","64","0.00","15.5","241","1007.5","19","44.9","20.1","239.0","4.3","14.8","109.0","61"
"Karachi","24.8607","67.0011","2026-04-24T15:00","30.6","68","0.00","16.5","242","1006.8","64","43.1","19.2","250.0","4.8","14.0","102.0","61"
"Karachi","24.8607","67.0011","2026-04-24T16:00","30.3","67","0.00","14.7","252","1006.7","98","39.5","18.2","268.0","6.1","13.3","91.0","61"
"Karachi","24.8607","67.0011","2026-04-24T17:00","29.7","70","0.00","13.1","255","1006.2","96","31.3","15.7","294.0","9.4","13.4","80.0","61"
"Karachi","24.8607","67.0011","2026-04-24T18:00","28.8","75","0.00","11.3","239","1006.2","100","28.8","15.7","338.0","16.2","13.4","67.0","62"
"Karachi","24.8607","67.0011","2026-04-24T19:00","27.7","83","0.00","8.7","232","1006.8","100","26.3","16.2","390.0","25.7","13.4","49.0","62"
"Karachi","24.8607","67.0011","2026-04-24T20:00","27.1","88","0.00","7.9","246","1007.5","100","26.7","18.7","419.0","33.0","13.5","35.0","62"
"Karachi","24.8607","67.0011","2026-04-24T21:00","26.9","89","0.00","6.8","252","1008.0","14","27.5","19.7","410.0","36.6","13.8","29.0","62"
"Karachi","24.8607","67.0011","2026-04-24T22:00","26.6","90","0.00","5.8","248","1008.3","3","28.6","20.7","379.0","38.1","14.1","26.0","62"
"Karachi","24.8607","67.0011","2026-04-24T23:00","26.5","92","0.00","7.6","278","1008.5","18","29.6","21.6","343.0","37.7","14.1","26.0","63"
"Karachi","24.8607","67.0011","2026-04-25T00:00","26.5","91","0.00","6.9","277","1008.0","46","30.2","21.8","302.0","34.8","13.5","28.0","63"
"Karachi","24.8607","67.0011","2026-04-25T01:00","26.2","92","0.00","5.4","276","1007.8","70","30.4","20.8","255.0","30.0","12.5","31.0","63"
"Karachi","24.8607","67.0011","2026-04-25T02:00","25.8","95","0.00","8.0","298","1007.7","73","30.7","19.6","221.0","25.3","11.6","35.0","63"
"Karachi","24.8607","67.0011","2026-04-25T03:00","25.4","97","0.00","7.5","305","1007.8","100","30.9","18.2","200.0","20.8","10.7","39.0","64"
"Karachi","24.8607","67.0011","2026-04-25T04:00","25.1","98","0.00","6.8","312","1007.7","78","31.7","17.0","191.0","16.4","9.8","42.0","64"
"Karachi","24.8607","67.0011","2026-04-25T05:00","25.1","99","0.00","6.9","313","1007.4","100","25.8","13.6","209.0","10.8","8.5","49.0","64"
"Karachi","24.8607","67.0011","2026-04-25T06:00","25.0","99","0.00","6.5","289","1007.7","99","28.1","14.4","283.0","14.2","9.6","47.0","64"
"Karachi","24.8607","67.0011","2026-04-25T07:00","25.3","96","0.00","6.5","270","1008.2","88","32.1","18.2","384.0","18.7","11.2","46.0","64"
"Karachi","24.8607","67.0011","2026-04-25T08:00","27.0","84","0.00","6.0","253","1008.9","15","40.2","20.2","444.0","21.0","13.3","52.0","64"
"Karachi","24.8607","67.0011","2026-04-25T09:00","28.8","76","0.00","6.4","241","1009.5","1","51.8","23.1","424.0","18.9","16.4","73.0","64"
"Karachi","24.8607","67.0011","2026-04-25T10:00","30.2","70","0.00","8.8","227","1009.7","2","65.2","26.5","364.0","14.5","19.9","103.0","65"
"Karachi","24.8607","67.0011","2026-04-25T11:00","31.4","65","0.00","10.5","232","1009.5","0","73.3","28.9","312.0","10.7","21.8","125.0","65"
"Karachi","24.8607","67.0011","2026-04-25T12:00","32.3","59","0.00","12.2","241","1009.2","0","77.1","29.6","284.0","8.1","20.9","135.0","66"
"Karachi","24.8607","67.0011","2026-04-25T13:00","33.0","56","0.00","12.6","237","1008.4","0","74.0","28.4","265.0","6.1","18.4","138.0","67"
"Karachi","24.8607","67.0011","2026-04-25T14:00","33.0","56","0.00","13.3","238","1007.8","0","72.4","27.4","260.0","5.4","16.3","136.0","68"
"Karachi","24.8607","67.0011","2026-04-25T15:00","32.8","56","0.00","13.9","239","1007.1","1","71.0","26.9","272.0","6.3","15.3","129.0","68"
"Karachi","24.8607","67.0011","2026-04-25T16:00","32.0","59","0.00","13.5","245","1006.9","27","68.9","26.6","298.0","8.5","14.7","118.0","69"
"Karachi","24.8607","67.0011","2026-04-25T17:00","30.5","64","0.00","11.7","243","1006.6","66","53.6","20.9","332.0","12.6","13.9","106.0","70"
"Karachi","24.8607","67.0011","2026-04-25T18:00","29.6","68","0.00","10.7","240","1006.6","49","47.4","21.4","379.0","18.2","13.0","92.0","77"
"Karachi","24.8607","67.0011","2026-04-25T19:00","28.4","75","0.00","9.7","245","1007.1","77","43.5","22.1","435.0","25.8","11.8","72.0","75"
"Karachi","24.8607","67.0011","2026-04-25T20:00","27.9","77","0.00","8.9","252","1007.7","27","45.6","22.4","482.0","30.8","10.9","57.0","71"
"Karachi","24.8607","67.0011","2026-04-25T21:00","27.6","78","0.00","8.0","265","1008.2","5","44.2","22.1","525.0","30.8","10.5","53.0","71"
"Karachi","24.8607","67.0011","2026-04-25T22:00","27.3","79","0.00","7.6","258","1008.5","1","42.6","21.7","561.0","28.2","10.4","54.0","72"
"Karachi","24.8607","67.0011","2026-04-25T23:00","27.2","82","0.00","8.0","265","1008.5","0","41.2","21.3","557.0","25.2","10.1","56.0","72"
"Karachi","24.8607","67.0011","2026-04-26T00:00","27.1","81","0.00","7.7","269","1008.2","0","40.7","20.8","484.0","22.4","9.5","56.0","72"
"Karachi","24.8607","67.0011","2026-04-26T01:00","26.9","81","0.00","6.2","287","1007.7","0","40.0","20.0","373.0","19.2","8.7","56.0","72"
"Karachi","24.8607","67.0011","2026-04-26T02:00","26.6","81","0.00","6.4","281","1007.2","0","39.8","19.0","283.0","16.3","8.2","57.0","72"
"Karachi","24.8607","67.0011","2026-04-26T03:00","26.4","81","0.00","6.9","275","1006.9","0","40.6","18.2","226.0","13.4","7.9","59.0","72"
"Karachi","24.8607","67.0011","2026-04-26T04:00","26.1","82","0.00","7.6","273","1006.8","0","40.7","17.5","191.0","10.8","7.7","61.0","72"
"Karachi","24.8607","67.0011","2026-04-26T05:00","26.0","86","0.00","8.6","269","1006.7","0","38.9","17.1","208.0","10.7","8.1","61.0","72"
"Karachi","24.8607","67.0011","2026-04-26T06:00","26.1","86","0.00","9.4","271","1006.9","0","38.5","17.4","332.0","15.3","9.1","58.0","72"
"Karachi","24.8607","67.0011","2026-04-26T07:00","26.5","84","0.00","8.3","276","1007.3","0","39.5","19.9","508.0","21.5","10.6","55.0","72"
"Karachi","24.8607","67.0011","2026-04-26T08:00","28.5","75","0.00","8.1","276","1007.8","0","43.4","22.9","603.0","24.6","12.1","59.0","72"
"Karachi","24.8607","67.0011","2026-04-26T09:00","30.9","63","0.00","11.0","280","1008.2","0","48.3","24.1","532.0","21.6","13.8","79.0","73"
"Karachi","24.8607","67.0011","2026-04-26T10:00","32.7","53","0.00","13.0","281","1008.2","0","50.1","24.6","380.0","15.5","15.5","106.0","73"
"Karachi","24.8607","67.0011","2026-04-26T11:00","33.5","51","0.00","13.7","272","1008.2","0","54.2","25.3","265.0","10.4","16.4","126.0","72"
"Karachi","24.8607","67.0011","2026-04-26T12:00","34.3","47","0.00","14.8","273","1007.6","0","62.4","26.0","235.0","7.7","16.1","133.0","72"
"Karachi","24.8607","67.0011","2026-04-26T13:00","35.0","43","0.00","15.3","270","1007.0","0","66.4","26.4","241.0","6.1","15.0","132.0","72"
"Karachi","24.8607","67.0011","2026-04-26T14:00","35.2","41","0.00","15.5","267","1006.1","0","67.8","26.1","258.0","5.7","13.9","128.0","72"
"Karachi","24.8607","67.0011","2026-04-26T15:00","35.2","39","0.00","15.5","268","1005.2","0","65.7","25.4","275.0","6.6","12.8","120.0","72"
"Karachi","24.8607","67.0011","2026-04-26T16:00","34.7","39","0.00","14.6","267","1004.7","0","61.9","24.6","303.0","8.6","11.7","108.0","71"
"Karachi","24.8607","67.0011","2026-04-26T17:00","33.5","43","0.00","12.8","261","1004.4","0","41.0","18.4","343.0","13.1","11.6","95.0","71"
"Karachi","24.8607","67.0011","2026-04-26T18:00","32.0","48","0.00","11.9","252","1004.7","47","37.5","18.9","413.0","19.3","11.4","82.0","71"
"Karachi","24.8607","67.0011","2026-04-26T19:00","30.1","60","0.00","11.1","254","1005.0","5","34.6","19.7","495.0","27.7","11.1","64.0","71"
"Karachi","24.8607","67.0011","2026-04-26T20:00","29.1","65","0.00","9.9","255","1005.6","0","33.3","19.8","546.0","33.4","10.8","51.0","71"
"Karachi","24.8607","67.0011","2026-04-26T21:00","28.6","69","0.00","8.8","251","1006.0","98","31.8","19.4","542.0","33.9","10.7","46.0","70"
"Karachi","24.8607","67.0011","2026-04-26T22:00","28.2","72","0.00","7.8","257","1006.2","60","29.9","18.6","505.0","31.7","10.8","46.0","70"
"Karachi","24.8607","67.0011","2026-04-26T23:00","28.0","74","0.00","8.0","261","1006.3","9","28.9","18.0","461.0","28.8","10.5","47.0","70"
"Karachi","24.8607","67.0011","2026-04-27T00:00","27.8","76","0.00","7.7","258","1005.9","1","28.6","17.4","412.0","25.5","9.7","48.0","70"
"Karachi","24.8607","67.0011","2026-04-27T01:00","27.1","80","0.00","6.6","249","1005.3","80","28.5","16.6","355.0","21.6","8.7","49.0","69"
"Karachi","24.8607","67.0011","2026-04-27T02:00","26.8","83","0.00","7.3","250","1005.0","2","28.8","16.0","306.0","18.2","7.9","51.0","69"
"Karachi","24.8607","67.0011","2026-04-27T03:00","26.5","85","0.00","7.6","252","1004.6","94","29.0","15.4","256.0","15.4","7.6","52.0","69"
"Karachi","24.8607","67.0011","2026-04-27T04:00","26.3","87","0.00","8.2","248","1004.3","81","29.2","14.9","213.0","13.0","7.5","53.0","68"
"Karachi","24.8607","67.0011","2026-04-27T05:00","26.2","88","0.00","8.5","224","1004.0","0","29.8","14.6","218.0","10.8","7.4","58.0","68"
"Karachi","24.8607","67.0011","2026-04-27T06:00","26.4","88","0.00","9.6","232","1004.2","0","33.6","15.8","324.0","13.3","8.1","59.0","68"
"Karachi","24.8607","67.0011","2026-04-27T07:00","27.0","85","0.00","8.9","242","1004.6","0","36.1","18.1","479.0","16.5","9.0","60.0","68"
"Karachi","24.8607","67.0011","2026-04-27T08:00","28.8","75","0.00","9.9","243","1005.2","0","43.7","20.7","561.0","17.6","10.1","67.0","68"
"Karachi","24.8607","67.0011","2026-04-27T09:00","30.5","65","0.00","12.4","249","1005.4","0","51.7","22.0","496.0","14.6","11.5","83.0","67"
"Karachi","24.8607","67.0011","2026-04-27T10:00","31.8","58","0.00","13.8","250","1005.6","0","55.2","23.2","360.0","9.5","13.1","104.0","67"
"Karachi","24.8607","67.0011","2026-04-27T11:00","32.7","54","0.00","14.0","238","1005.3","0","57.0","23.9","257.0","5.6","14.0","120.0","67"
"Karachi","24.8607","67.0011","2026-04-27T12:00","32.8","55","0.00","15.7","240","1005.0","0","56.0","23.8","232.0","4.1","13.8","125.0","67"
"Karachi","24.8607","67.0011","2026-04-27T13:00","33.2","53","0.00","15.1","242","1004.5","0","53.8","23.2","241.0","3.9","13.1","125.0","67"
"Karachi","24.8607","67.0011","2026-04-27T14:00","33.3","52","0.00","15.4","240","1003.5","0","51.9","22.6","258.0","4.3","12.4","122.0","67"
"Karachi","24.8607","67.0011","2026-04-27T15:00","32.9","55","0.00","15.2","239","1002.6","0","50.2","22.1","269.0","5.1","12.1","118.0","66"
"Karachi","24.8607","67.0011","2026-04-27T16:00","32.5","56","0.00","14.5","239","1001.9","0","49.4","21.9","288.0","6.6","12.0","112.0","66"
"Karachi","24.8607","67.0011","2026-04-27T17:00","31.4","58","0.00","13.5","234","1002.0","0","38.1","17.4","330.0","9.2","11.2","102.0","66"
"Karachi","24.8607","67.0011","2026-04-27T18:00","30.5","63","0.00","13.0","243","1002.2","0","35.6","17.9","424.0","14.3","11.0","91.0","66"
"Karachi","24.8607","67.0011","2026-04-27T19:00","29.5","69","0.00","10.4","234","1002.2","5","33.2","19.0","543.0","21.3","10.8","77.0","66"
"Karachi","24.8607","67.0011","2026-04-27T20:00","28.9","73","0.00","9.3","223","1002.3","0","33.5","19.2","614.0","25.7","10.5","67.0","65"
"Karachi","24.8607","67.0011","2026-04-27T21:00","28.6","75","0.00","9.2","239","1003.0","3","32.9","18.9","603.0","25.5","10.1","66.0","65"
"Karachi","24.8607","67.0011","2026-04-27T22:00","28.5","75","0.00","8.9","251","1003.6","0","32.7","18.5","545.0","22.7","9.6","70.0","65"
"Karachi","24.8607","67.0011","2026-04-27T23:00","28.5","75","0.00","11.4","247","1003.3","0","33.3","18.2","479.0","19.6","9.0","74.0","65"
"Karachi","24.8607","67.0011","2026-04-28T00:00","28.4","75","0.00","11.6","255","1003.1","0","33.8","17.9","411.0","16.6","8.3","78.0","65"
"Karachi","24.8607","67.0011","2026-04-28T01:00","27.9","77","0.00","10.8","266","1002.8","0","33.8","17.5","336.0","13.2","7.5","82.0","65"
"Karachi","24.8607","67.0011","2026-04-28T02:00","27.5","80","0.00","11.2","268","1002.2","0","32.7","16.9","275.0","10.5","7.0","85.0","65"
"Karachi","24.8607","67.0011","2026-04-28T03:00","27.2","80","0.00","11.1","277","1002.3","0","31.1","16.6","227.0","8.7","6.8","87.0","66"
"Karachi","24.8607","67.0011","2026-04-28T04:00","27.0","81","0.00","10.9","279","1002.2","0","29.3","16.3","193.0","7.5","6.9","89.0","66"
"Karachi","24.8607","67.0011","2026-04-28T05:00","27.6","79","0.00","13.4","262","1001.2","0","28.0","15.4","197.0","5.9","6.7","99.0","66"
"Karachi","24.8607","67.0011","2026-04-28T06:00","27.5","80","0.00","12.5","262","1001.3","0","27.8","16.2","277.0","8.9","7.3","98.0","66"
"Karachi","24.8607","67.0011","2026-04-28T07:00","27.9","78","0.00","10.6","267","1002.4","0","30.5","18.1","395.0","12.8","8.2","97.0","66"
"Karachi","24.8607","67.0011","2026-04-28T08:00","29.5","70","0.00","12.3","265","1003.1","0","36.2","20.7","459.0","14.6","9.2","100.0","66"
"Karachi","24.8607","67.0011","2026-04-28T09:00","31.0","61","0.00","14.7","264","1003.9","0","40.2","21.0","413.0","12.3","10.4","111.0","66"
"Karachi","24.8607","67.0011","2026-04-28T10:00","32.0","57","0.00","15.7","254","1004.2","0","44.0","21.3","313.0","7.8","11.7","125.0","66"
"Karachi","24.8607","67.0011","2026-04-28T11:00","32.1","57","0.00","15.5","250","1005.2","0","50.2","21.8","237.0","4.4","12.4","135.0","66"
"Karachi","24.8607","67.0011","2026-04-28T12:00","32.5","56","0.00","15.4","246","1004.9","0","51.8","21.7","217.0","3.3","12.2","136.0","65"
"Karachi","24.8607","67.0011","2026-04-28T13:00","32.9","54","0.00","15.8","241","1004.3","0","52.4","21.2","222.0","3.1","11.5","133.0","65"
"Karachi","24.8607","67.0011","2026-04-28T14:00","32.8","54","0.00","16.6","239","1003.5","0","52.0","20.9","236.0","3.6","10.9","129.0","65"
"Karachi","24.8607","67.0011","2026-04-28T15:00","32.5","55","0.00","16.7","240","1002.6","1","47.8","20.1","257.0","4.3","10.6","125.0","72"
"Karachi","24.8607","67.0011","2026-04-28T16:00","32.2","56","0.00","15.7","240","1001.8","0","42.8","19.5","287.0","5.5","10.3","119.0","78"
"Karachi","24.8607","67.0011","2026-04-28T17:00","31.2","59","0.00","12.5","231","1002.0","1","45.4","18.7","318.0","8.7","11.5","111.0","82"
"Karachi","24.8607","67.0011","2026-04-28T18:00","30.5","64","0.00","11.5","231","1002.1","10","34.1","17.3","348.0","12.8","11.0","99.0","82"
"Karachi","24.8607","67.0011","2026-04-28T19:00","29.5","70","0.00","11.5","219","1002.5","1","29.2","17.3","378.0","18.3","10.4","83.0","76"
"Karachi","24.8607","67.0011","2026-04-28T20:00","29.0","73","0.00","13.7","212","1002.6","0","33.8","17.6","407.0","21.7","9.8","71.0","65"
"Karachi","24.8607","67.0011","2026-04-28T21:00","28.7","74","0.00","11.1","239","1003.3","0","38.1","18.0","445.0","21.1","9.4","68.0","64"
"Karachi","24.8607","67.0011","2026-04-28T22:00","28.5","73","0.00","11.2","268","1004.4","0","40.7","18.2","481.0","18.5","9.0","69.0","64"
"Karachi","24.8607","67.0011","2026-04-28T23:00","28.3","75","0.00","9.9","271","1003.9","0","41.1","18.1","483.0","15.8","8.7","71.0","64"
"Karachi","24.8607","67.0011","2026-04-29T00:00","28.0","78","0.00","9.2","273","1003.7","0","39.6","17.8","419.0","13.5","8.3","72.0","64"
"Karachi","24.8607","67.0011","2026-04-29T01:00","27.6","81","0.00","8.8","272","1003.2","0","38.8","17.6","320.0","11.2","7.9","74.0","64"
"Karachi","24.8607","67.0011","2026-04-29T02:00","27.4","83","0.00","7.9","267","1002.9","0","39.3","17.6","244.0","9.5","7.7","75.0","64"
"Karachi","24.8607","67.0011","2026-04-29T03:00","27.0","85","0.00","7.9","259","1002.7","0","39.5","17.6","205.0","8.3","7.5","75.0","64"
"Karachi","24.8607","67.0011","2026-04-29T04:00","26.9","87","0.00","7.8","261","1002.5","0","39.8","17.6","189.0","7.6","7.5","75.0","64"
"Karachi","24.8607","67.0011","2026-04-29T05:00","26.8","89","0.00","7.2","283","1002.5","0","46.9","19.1","213.0","7.8","7.8","79.0","64"
"Karachi","24.8607","67.0011","2026-04-29T06:00","26.6","90","0.00","7.8","277","1002.8","0","46.0","20.0","313.0","11.0","8.9","78.0","65"
"Karachi","24.8607","67.0011","2026-04-29T07:00","27.0","89","0.00","5.3","294","1003.5","2","47.5","23.1","452.0","15.4","10.6","77.0","65"
"Karachi","24.8607","67.0011","2026-04-29T08:00","28.5","81","0.00","6.5","276","1004.1","1","62.6","27.3","535.0","17.6","12.7","84.0","66"
"Karachi","24.8607","67.0011","2026-04-29T09:00","30.3","70","0.00","7.3","261","1004.5","2","74.0","30.7","508.0","15.8","15.8","105.0","66"
"Karachi","24.8607","67.0011","2026-04-29T10:00","32.0","62","0.00","8.1","242","1004.6","8","82.2","33.6","426.0","11.9","19.4","134.0","67"
"Karachi","24.8607","67.0011","2026-04-29T11:00","32.3","63","0.00","11.3","226","1004.9","74","87.1","36.6","356.0","8.6","21.5","155.0","68"
"Karachi","24.8607","67.0011","2026-04-29T12:00","32.4","63","0.00","13.2","223","1004.5","0","87.1","37.5","321.0","6.8","21.2","164.0","69"
"Karachi","24.8607","67.0011","2026-04-29T13:00","32.8","60","0.00","13.7","225","1004.1","0","83.1","35.6","300.0","5.6","19.4","165.0","71"
"Karachi","24.8607","67.0011","2026-04-29T14:00","32.8","59","0.00","13.8","229","1003.3","6","77.5","33.2","293.0","5.4","17.5","160.0","72"
"Karachi","24.8607","67.0011","2026-04-29T15:00","32.8","58","0.00","13.2","233","1002.4","5","73.1","31.1","303.0","6.1","15.6","147.0","89"
"Karachi","24.8607","67.0011","2026-04-29T16:00","32.3","61","0.00","12.7","240","1002.3","9","73.6","29.9","328.0","7.8","13.6","127.0","103"
"Karachi","24.8607","67.0011","2026-04-29T17:00","31.2","64","0.00","12.5","242","1002.2","9","72.2","31.3","366.0","12.6","13.3","116.0","113"
"Karachi","24.8607","67.0011","2026-04-29T18:00","30.5","66","0.00","10.1","248","1002.1","4","75.4","30.5","432.0","17.9","12.4","101.0","115"
"Karachi","24.8607","67.0011","2026-04-29T19:00","29.4","70","0.00","8.0","252","1002.3","1","67.5","30.5","510.0","25.1","11.0","81.0","108"
"Karachi","24.8607","67.0011","2026-04-29T20:00","28.8","76","0.00","8.6","244","1002.6","41","70.1","30.6","555.0","29.2","9.9","68.0","92"
"Karachi","24.8607","67.0011","2026-04-29T21:00","28.1","83","0.00","10.6","235","1002.8","1","57.7","28.2","543.0","27.3","9.1","69.0","80"
"Karachi","24.8607","67.0011","2026-04-29T22:00","27.9","85","0.00","8.2","247","1003.3","0","42.6","24.9","496.0","22.2","8.5","77.0","81"
"Karachi","24.8607","67.0011","2026-04-29T23:00","27.9","86","0.00","6.0","273","1003.5","0","33.5","22.6","439.0","17.6","8.0","85.0","81"
"Karachi","24.8607","67.0011","2026-04-30T00:00","27.8","86","0.00","4.3","287","1003.5","0","34.7","22.5","368.0","14.5","7.6","89.0","82"
"Karachi","24.8607","67.0011","2026-04-30T01:00","27.5","87","0.00","5.2","268","1003.0","0","42.5","24.1","285.0","11.9","7.2","93.0","82"
"Karachi","24.8607","67.0011","2026-04-30T02:00","27.2","88","0.00","6.4","280","1002.6","0","49.0","25.6","225.0","9.9","7.1","96.0","83"
"Karachi","24.8607","67.0011","2026-04-30T03:00","27.0","89","0.00","6.5","268","1002.5","0","53.1","26.5","192.0","8.6","7.3","97.0","83"
"Karachi","24.8607","67.0011","2026-04-30T04:00","26.8","90","0.00","7.4","247","1002.3","0","56.2","27.2","181.0","8.0","7.7","98.0","84"
"Karachi","24.8607","67.0011","2026-04-30T05:00","26.9","92","0.00","8.9","227","1002.2","0","59.0","27.6","207.0","8.6","8.5","96.0","85"
"Karachi","24.8607","67.0011","2026-04-30T06:00","27.0","90","0.00","9.7","231","1002.7","0","60.5","28.4","308.0","11.6","9.0","96.0","86"
"Karachi","24.8607","67.0011","2026-04-30T07:00","27.5","87","0.00","8.0","242","1003.2","0","61.0","29.8","446.0","15.5","9.8","97.0","86"
"Karachi","24.8607","67.0011","2026-04-30T08:00","29.1","76","0.00","8.9","257","1004.0","0","71.7","31.8","520.0","17.3","10.9","102.0","87"
"Karachi","24.8607","67.0011","2026-04-30T09:00","31.0","64","0.00","10.5","253","1004.6","0","74.5","31.7","466.0","14.8","12.6","116.0","87"
"Karachi","24.8607","67.0011","2026-04-30T10:00","32.4","56","0.00","12.4","253","1004.9","0","74.7","31.1","347.0","10.0","14.6","134.0","88"
"Karachi","24.8607","67.0011","2026-04-30T11:00","33.2","52","0.00","12.4","248","1005.0","0","78.0","30.9","258.0","6.3","15.7","145.0","87"
"Karachi","24.8607","67.0011","2026-04-30T12:00","34.0","50","0.00","13.5","240","1004.6","0","80.3","29.9","236.0","4.8","15.1","144.0","87"
"Karachi","24.8607","67.0011","2026-04-30T13:00","33.9","52","0.00","14.2","232","1004.3","0","79.4","28.1","243.0","4.3","13.6","136.0","86"
"Karachi","24.8607","67.0011","2026-04-30T14:00","33.7","53","0.00","13.9","227","1003.6","0","72.2","25.7","259.0","4.5","12.4","127.0","85"
"Karachi","24.8607","67.0011","2026-04-30T15:00","33.1","56","0.00","14.0","221","1003.0","0","62.4","23.3","280.0","5.1","11.8","118.0","85"
"Karachi","24.8607","67.0011","2026-04-30T16:00","32.5","57","0.00","12.9","222","1002.5","5","53.9","21.8","311.0","6.3","11.6","108.0","84"
"Karachi","24.8607","67.0011","2026-04-30T17:00","31.5","61","0.00","13.5","225","1002.5","2","39.5","18.0","345.0","9.4","11.7","96.0","85"
"Karachi","24.8607","67.0011","2026-04-30T18:00","30.8","65","0.00","11.7","229","1002.3","2","38.8","18.7","389.0","15.6","11.6","84.0","82"
"Karachi","24.8607","67.0011","2026-04-30T19:00","29.5","73","0.00","10.2","222","1002.3","0","36.9","20.4","437.0","24.0","11.5","68.0","81"
"Karachi","24.8607","67.0011","2026-04-30T20:00","29.0","77","0.00","9.4","223","1003.0","0","39.7","21.7","460.0","29.1","11.2","58.0","80"
"Karachi","24.8607","67.0011","2026-04-30T21:00","28.6","79","0.00","8.8","239","1003.7","0","40.3","21.8","442.0","28.0","10.6","58.0","79"
"Karachi","24.8607","67.0011","2026-04-30T22:00","28.3","80","0.00","9.7","251","1003.9","0","39.6","21.0","399.0","23.6","9.7","65.0","79"
"Karachi","24.8607","67.0011","2026-04-30T23:00","28.5","77","0.00","12.3","255","1003.7","0","38.5","20.1","352.0","19.4","8.9","70.0","79"
"Karachi","24.8607","67.0011","2026-05-01T00:00","28.5","75","0.00","10.6","269","1003.6","0","37.7","19.4","300.0","16.6","8.2","73.0","78"
"Karachi","24.8607","67.0011","2026-05-01T01:00","28.4","74","0.00","12.4","268","1003.2","0","37.0","18.9","244.0","14.0","7.5","75.0","78"
"Karachi","24.8607","67.0011","2026-05-01T02:00","28.5","72","0.00","14.4","267","1002.6","0","36.8","18.3","203.0","11.8","7.0","77.0","78"
"Karachi","24.8607","67.0011","2026-05-01T03:00","28.5","71","0.00","14.5","265","1002.4","0","36.4","17.6","176.0","9.5","6.6","80.0","77"
"Karachi","24.8607","67.0011","2026-05-01T04:00","28.4","71","0.00","13.8","263","1002.2","0","35.6","16.8","165.0","7.6","6.3","83.0","76"
"Karachi","24.8607","67.0011","2026-05-01T05:00","28.7","71","0.00","13.2","264","1002.3","0","40.9","16.8","189.0","7.4","6.6","84.0","75"
"Karachi","24.8607","67.0011","2026-05-01T06:00","28.8","70","0.00","13.4","264","1002.6","0","37.6","16.7","288.0","10.4","7.0","81.0","74"
"Karachi","24.8607","67.0011","2026-05-01T07:00","29.4","68","0.00","14.1","265","1003.3","0","41.3","18.9","424.0","14.4","7.7","77.0","73"
"Karachi","24.8607","67.0011","2026-05-01T08:00","31.0","62","0.00","13.5","267","1003.9","0","52.3","23.1","498.0","16.3","8.6","79.0","72"
"Karachi","24.8607","67.0011","2026-05-01T09:00","32.3","56","0.00","15.7","272","1004.5","0","74.5","26.1","449.0","14.0","10.0","92.0","72"
"Karachi","24.8607","67.0011","2026-05-01T10:00","33.3","52","0.00","14.9","270","1004.7","0","109.7","30.7","338.0","9.5","11.6","112.0","71"
"Karachi","24.8607","67.0011","2026-05-01T11:00","34.2","52","0.00","14.7","264","1004.7","0","146.2","36.7","257.0","6.1","12.8","126.0","71"
"Karachi","24.8607","67.0011","2026-05-01T12:00","35.0","49","0.00","14.2","261","1004.5","0","177.4","41.8","241.0","4.9","13.3","131.0","71"
"Karachi","24.8607","67.0011","2026-05-01T13:00","35.8","46","0.00","13.5","254","1003.7","0","186.3","44.1","255.0","4.8","13.4","132.0","73"
"Karachi","24.8607","67.0011","2026-05-01T14:00","35.8","45","0.00","14.3","245","1002.9","0","175.6","43.3","280.0","5.4","13.1","129.0","74"
"Karachi","24.8607","67.0011","2026-05-01T15:00","35.4","46","0.00","14.3","242","1001.9","0","155.5","40.7","314.0","6.9","12.4","121.0","76"
"Karachi","24.8607","67.0011","2026-05-01T16:00","34.4","50","0.00","13.9","232","1001.2","0","127.1","36.7","359.0","9.3","11.4","109.0","77"
"Karachi","24.8607","67.0011","2026-05-01T17:00","32.7","55","0.00","13.0","219","1001.1","0","101.0","31.4","405.0","11.7","10.0","99.0","78"
"Karachi","24.8607","67.0011","2026-05-01T18:00","31.7","60","0.00","13.1","216","1000.6","0","71.5","27.9","456.0","15.3","9.5","92.0","80"
"Karachi","24.8607","67.0011","2026-05-01T19:00","31.2","60","0.00","10.7","234","1001.0","0","56.3","25.9","508.0","20.1","8.9","81.0","80"
"Karachi","24.8607","67.0011","2026-05-01T20:00","31.1","58","0.00","8.4","247","1001.7","0","49.1","23.6","531.0","22.5","8.3","76.0","81"
"Karachi","24.8607","67.0011","2026-05-01T21:00","31.0","56","0.00","10.9","251","1002.2","0","45.6","21.7","512.0","20.5","7.8","79.0","81"
"Karachi","24.8607","67.0011","2026-05-01T22:00","30.7","56","0.00","10.2","304","1002.9","0","45.5","20.4","465.0","16.2","7.3","87.0","81"
"Karachi","24.8607","67.0011","2026-05-01T23:00","30.2","58","0.00","10.2","307","1003.3","0","46.8","19.6","406.0","12.3","6.9","94.0","81"
"Karachi","24.8607","67.0011","2026-05-02T00:00","30.0","60","0.00","12.8","275","1002.7","0","44.5","18.8","328.0","9.6","6.4","98.0","81"
"Karachi","24.8607","67.0011","2026-05-02T01:00","29.7","61","0.00","13.5","272","1002.1","0","39.3","17.6","238.0","7.3","5.9","100.0","81"
"Karachi","24.8607","67.0011","2026-05-02T02:00","29.7","59","0.00","13.6","281","1001.7","0","38.0","16.6","175.0","5.6","5.6","101.0","81"
"Karachi","24.8607","67.0011","2026-05-02T03:00","29.6","59","0.00","14.6","279","1001.4","0","38.9","16.2","144.0","4.4","5.3","100.0","81"
"Karachi","24.8607","67.0011","2026-05-02T04:00","29.5","61","0.00","15.6","277","1001.2","0","40.3","16.1","139.0","4.0","5.2","96.0","81"
"Karachi","24.8607","67.0011","2026-05-02T05:00","29.1","65","0.00","14.1","265","1000.9","0","46.0","16.9","182.0","4.5","5.2","94.0","80"
"Karachi","24.8607","67.0011","2026-05-02T06:00","29.0","63","0.00","12.8","264","1001.1","0","65.7","20.5","327.0","8.6","6.1","87.0","80"
"Karachi","24.8607","67.0011","2026-05-02T07:00","29.7","60","0.00","13.5","256","1001.7","0","92.2","27.5","520.0","14.2","7.3","79.0","81"
"Karachi","24.8607","67.0011","2026-05-02T08:00","31.4","57","0.00","13.3","260","1002.3","0","126.2","36.9","622.0","17.1","8.5","77.0","82"
"Karachi","24.8607","67.0011","2026-05-02T09:00","33.0","51","0.00","15.5","269","1002.8","0","182.5","47.7","541.0","14.9","9.6","88.0","83"
"Karachi","24.8607","67.0011","2026-05-02T10:00","34.2","46","0.00","17.1","270","1003.0","0","215.6","55.1","368.0","10.1","10.7","105.0","85"
"Karachi","24.8607","67.0011","2026-05-02T11:00","34.8","43","0.00","16.1","275","1003.6","0","224.4","57.0","238.0","6.3","11.2","117.0","87"
"Karachi","24.8607","67.0011","2026-05-02T12:00","35.5","40","0.00","17.3","268","1003.3","0","211.4","54.0","207.0","4.8","10.8","120.0","89"
"Karachi","24.8607","67.0011","2026-05-02T13:00","35.5","41","0.00","18.9","261","1002.6","0","185.3","48.4","220.0","4.4","10.0","118.0","90"
"Karachi","24.8607","67.0011","2026-05-02T14:00","35.5","41","0.00","19.4","262","1002.1","0","147.6","40.6","240.0","4.6","9.2","116.0","90"
"Karachi","24.8607","67.0011","2026-05-02T15:00","35.0","42","0.00","19.1","261","1001.3","0","112.7","33.4","262.0","5.7","8.8","116.0","90"
"Karachi","24.8607","67.0011","2026-05-02T16:00","34.2","45","0.00","18.3","260","1000.6","0","85.9","28.8","291.0","7.4","8.6","116.0","89"
"Karachi","24.8607","67.0011","2026-05-02T17:00","32.8","47","0.00","17.6","263","1000.3","0","58.7","21.7","316.0","9.6","8.8","113.0","89"
"Karachi","24.8607","67.0011","2026-05-02T18:00","31.8","51","0.00","17.1","262","1000.1","0","48.7","21.3","333.0","11.9","8.5","109.0","88"
"Karachi","24.8607","67.0011","2026-05-02T19:00","30.7","56","0.00","15.2","263","1000.3","0","46.3","21.7","344.0","14.9","8.1","104.0","87"
"Karachi","24.8607","67.0011","2026-05-02T20:00","30.2","58","0.00","13.5","269","1000.9","0","41.9","21.0","344.0","16.5","7.8","101.0","87"
"Karachi","24.8607","67.0011","2026-05-02T21:00","30.0","57","0.00","13.5","275","1001.5","0","37.0","19.6","329.0","15.4","7.6","103.0","86"
"Karachi","24.8607","67.0011","2026-05-02T22:00","30.0","57","0.00","13.0","284","1002.0","0","33.1","18.0","303.0","12.9","7.4","107.0","86"
"Karachi","24.8607","67.0011","2026-05-02T23:00","30.0","56","0.00","15.5","283","1001.7","0","30.4","16.9","273.0","10.4","7.1","111.0","86"
"Karachi","24.8607","67.0011","2026-05-03T00:00","30.0","56","0.00","14.8","280","1001.4","0","28.1","15.8","235.0","8.3","6.5","114.0","86"
"Karachi","24.8607","67.0011","2026-05-03T01:00","29.6","56","0.00","13.1","282","1000.6","0","25.1","14.4","194.0","6.3","5.9","117.0","86"
"Karachi","24.8607","67.0011","2026-05-03T02:00","29.5","56","0.00","12.7","301","1000.5","0","22.2","13.2","167.0","4.9","5.4","119.0","85"
"Karachi","24.8607","67.0011","2026-05-03T03:00","29.1","60","0.00","13.0","289","1000.0","0","20.1","12.1","150.0","4.0","5.2","118.0","85"
"Karachi","24.8607","67.0011","2026-05-03T04:00","28.8","62","0.00","11.8","290","999.9","0","19.1","11.3","147.0","3.7","5.2","116.0","85"
"Karachi","24.8607","67.0011","2026-05-03T05:00","28.7","66","0.00","13.9","284","1000.0","0","27.8","11.8","193.0","5.0","5.5","115.0","84"
"Karachi","24.8607","67.0011","2026-05-03T06:00","28.4","67","0.00","12.2","292","1000.5","0","26.0","12.3","344.0","9.7","6.3","109.0","84"
"Karachi","24.8607","67.0011","2026-05-03T07:00","28.6","68","0.00","10.8","294","1001.3","0","29.3","14.8","543.0","16.1","7.6","101.0","83"
"Karachi","24.8607","67.0011","2026-05-03T08:00","30.4","64","0.00","8.1","295","1002.1","0","39.0","18.4","659.0","19.6","9.3","101.0","82"
"Karachi","24.8607","67.0011","2026-05-03T09:00","32.9","52","0.00","6.5","293","1002.6","0","62.2","22.5","611.0","17.7","12.1","118.0","80"
"Karachi","24.8607","67.0011","2026-05-03T10:00","35.4","41","0.00","6.8","273","1003.1","0","94.3","28.2","478.0","12.9","15.3","143.0","78"
"Karachi","24.8607","67.0011","2026-05-03T11:00","35.7","44","0.00","10.6","251","1003.0","0","124.8","33.6","369.0","9.0","17.5","161.0","76"
"Karachi","24.8607","67.0011","2026-05-03T12:00","36.2","43","0.00","12.6","246","1003.0","0","135.5","35.9","318.0","7.0","18.0","167.0","74"
"Karachi","24.8607","67.0011","2026-05-03T13:00","36.7","42","0.00","13.9","245","1002.5","0","128.1","35.2","291.0","5.8","17.4","166.0","82"
"Karachi","24.8607","67.0011","2026-05-03T14:00","36.5","41","0.00","14.4","246","1002.0","0","120.1","33.4","287.0","5.8","16.3","160.0","93"
"Karachi","24.8607","67.0011","2026-05-03T15:00","36.1","41","0.00","13.7","240","1001.2","0","122.5","33.1","306.0","7.4","14.6","148.0","104"
"Karachi","24.8607","67.0011","2026-05-03T16:00","35.2","46","0.00","12.9","237","1000.8","1","124.3","33.1","348.0","10.2","12.4","131.0","114"
"Karachi","24.8607","67.0011","2026-05-03T17:00","33.0","55","0.00","12.8","235","1000.3","1","121.1","31.4","420.0","13.8","10.9","115.0","120"
"Karachi","24.8607","67.0011","2026-05-03T18:00","31.5","65","0.00","10.3","234","1000.1","0","103.1","30.0","561.0","19.0","10.0","102.0","120"
"Karachi","24.8607","67.0011","2026-05-03T19:00","30.1","71","0.00","7.0","220","1000.3","1","75.4","28.6","731.0","26.0","8.7","85.0","111"
"Karachi","24.8607","67.0011","2026-05-03T20:00","29.5","73","0.00","6.1","238","1000.5","0","88.0","27.8","816.0","30.1","7.8","73.0","95"
"Karachi","24.8607","67.0011","2026-05-03T21:00","29.1","71","0.00","16.7","299","1002.0","0","84.5","27.5","746.0","28.7","7.8","73.0","75"
"Karachi","24.8607","67.0011","2026-05-03T22:00","29.0","70","0.00","9.9","285","1002.4","0","81.3","27.2","592.0","24.3","8.2","78.0","74"
"Karachi","24.8607","67.0011","2026-05-03T23:00","29.9","56","0.00","10.0","287","1002.2","0","85.0","27.8","451.0","20.0","8.3","82.0","75"
"Karachi","24.8607","67.0011","2026-05-04T00:00","30.5","47","0.00","11.2","272","1001.9","0","94.1","28.6","350.0","16.5","7.8","83.0","76"
"Karachi","24.8607","67.0011","2026-05-04T01:00","31.0","40","0.00","13.0","287","1001.6","0","98.0","28.3","262.0","13.1","7.1","84.0","77"
"Karachi","24.8607","67.0011","2026-05-04T02:00","29.9","49","0.00","10.2","314","1001.0","0","94.3","27.3","202.0","10.7","6.7","83.0","78"
"Karachi","24.8607","67.0011","2026-05-04T03:00","30.3","40","0.00","10.6","346","1000.5","0","88.0","26.3","161.0","9.1","6.8","79.0","79"
"Karachi","24.8607","67.0011","2026-05-04T04:00","29.5","42","0.00","14.3","301","1001.2","0","90.1","26.3","148.0","8.4","7.1","74.0","81"
"Karachi","24.8607","67.0011","2026-05-04T05:00","29.4","44","0.00","11.2","320","1001.1","0","151.8","33.3","204.0","12.3","8.6","67.0","82"
"Karachi","24.8607","67.0011","2026-05-04T06:00","29.0","43","0.00","11.7","317","1001.6","0","150.4","34.1","409.0","18.7","10.3","61.0","84"
"Karachi","24.8607","67.0011","2026-05-04T07:00","30.1","35","0.00","13.1","326","1002.4","0","183.0","39.6","683.0","27.3","12.5","55.0","86"
"Karachi","24.8607","67.0011","2026-05-04T08:00","32.6","27","0.00","11.0","326","1003.1","0","204.0","48.2","822.0","30.9","14.3","60.0","88"
"Karachi","24.8607","67.0011","2026-05-04T09:00","35.7","17","0.00","11.3","324","1003.6","0","396.7","66.1","694.0","24.9","15.2","88.0","91"
"Karachi","24.8607","67.0011","2026-05-04T10:00","38.7","9","0.00","14.7","320","1004.0","0","504.8","75.0","431.0","13.9","15.5","129.0","95"
"Karachi","24.8607","67.0011","2026-05-04T11:00","40.2","7","0.00","15.3","317","1004.0","0","246.8","39.9","233.0","5.6","15.2","158.0","99"
"Karachi","24.8607","67.0011","2026-05-04T12:00","41.0","7","0.00","16.5","307","1003.5","0","178.3","31.0","181.0","2.7","13.7","167.0","99"
"Karachi","24.8607","67.0011","2026-05-04T13:00","41.0","7","0.00","15.5","295","1002.9","0","159.7","28.4","193.0","2.5","11.6","165.0","99"
"Karachi","24.8607","67.0011","2026-05-04T14:00","41.2","7","0.00","15.4","277","1002.1","0","162.1","28.2","223.0","3.6","10.2","160.0","98"
"Karachi","24.8607","67.0011","2026-05-04T15:00","40.8","8","0.00","16.7","268","1001.2","0","185.8","31.2","260.0","6.1","10.4","153.0","99"
"Karachi","24.8607","67.0011","2026-05-04T16:00","39.3","14","0.00","16.4","253","1000.4","0","244.0","44.0","316.0","10.1","11.3","143.0","101"
"Karachi","24.8607","67.0011","2026-05-04T17:00","38.0","16","0.00","11.0","242","1000.4","0","233.8","46.4","378.0","13.8","13.4","141.0","114"
"Karachi","24.8607","67.0011","2026-05-04T18:00","36.0","23","0.00","11.1","241","1000.4","0","206.8","51.0","457.0","18.4","12.1","126.0","125"
"Karachi","24.8607","67.0011","2026-05-04T19:00","32.7","42","0.00","12.5","250","1001.2","0","200.7","51.5","543.0","24.7","10.2","106.0","125"
"Karachi","24.8607","67.0011","2026-05-04T20:00","31.9","45","0.00","9.0","268","1001.9","0","204.0","52.3","591.0","28.2","8.8","91.0","113"
"Karachi","24.8607","67.0011","2026-05-04T21:00","31.5","44","0.00","5.7","279","1002.7","0","210.5","54.0","576.0","26.5","8.2","86.0","113"
"Karachi","24.8607","67.0011","2026-05-04T22:00","31.0","46","0.00","6.3","283","1003.6","0","221.2","55.1","524.0","22.0","8.1","86.0","115"
"Karachi","24.8607","67.0011","2026-05-04T23:00","30.4","49","0.00","9.9","295","1003.5","0","229.1","54.8","466.0","18.1","8.0","86.0","118"
"Karachi","24.8607","67.0011","2026-05-05T00:00","30.0","49","0.00","6.9","332","1003.6","0","229.1","53.1","408.0","15.8","7.7","85.0","121"
"Karachi","24.8607","67.0011","2026-05-05T01:00","29.5","50","0.00","5.8","2","1003.6","0","223.5","50.8","346.0","14.1","7.5","84.0","124"
"Karachi","24.8607","67.0011","2026-05-05T02:00","28.8","53","0.00","7.4","296","1003.4","0","211.4","48.0","294.0","12.7","7.4","83.0","127"
"Karachi","24.8607","67.0011","2026-05-05T03:00","28.5","57","0.00","10.1","274","1003.5","0","197.4","44.7","233.0","11.0","7.4","82.0","129"
"Karachi","24.8607","67.0011","2026-05-05T04:00","28.4","59","0.00","11.4","275","1003.4","0","179.7","41.3","184.0","9.7","7.5","82.0","131"
"Karachi","24.8607","67.0011","2026-05-05T05:00","28.6","59","0.00","10.5","257","1003.7","0","147.1","35.2","223.0","7.9","6.9","91.0","133"
"Karachi","24.8607","67.0011","2026-05-05T06:00","28.6","60","0.00","9.1","255","1004.2","0","134.6","33.9","440.0","14.1","8.1","85.0","133"
"Karachi","24.8607","67.0011","2026-05-05T07:00","29.0","59","0.00","6.5","268","1004.9","0","123.4","35.5","745.0","22.5","9.9","78.0","133"
"Karachi","24.8607","67.0011","2026-05-05T08:00","30.9","53","0.00","5.1","247","1005.4","0","125.7","37.7","953.0","27.1","12.3","83.0","132"
"Karachi","24.8607","67.0011","2026-05-05T09:00","33.0","45","0.00","5.7","235","1005.9","0","149.5","39.5","981.0","24.3","16.3","112.0","130"
"Karachi","24.8607","67.0011","2026-05-05T10:00","34.5","41","0.00","6.9","219","1006.4","0","161.1","42.1","910.0","17.7","20.9","152.0","125"
"Karachi","24.8607","67.0011","2026-05-05T11:00","34.0","48","0.00","12.0","192","1007.3","0","156.0","44.8","799.0","12.0","23.4","180.0","118"
"Karachi","24.8607","67.0011","2026-05-05T12:00","33.5","50","0.00","15.2","187","1007.5","0","137.8","44.0","632.0","8.6","22.1","183.0","119"
"Karachi","24.8607","67.0011","2026-05-05T13:00","33.2","52","0.00","16.6","193","1007.3","1","116.4","38.5","424.0","6.1","18.7","174.0","120"
"Karachi","24.8607","67.0011","2026-05-05T14:00","32.5","60","0.00","16.9","200","1007.1","20","104.5","33.3","282.0","5.0","15.9","160.0","121"
"Karachi","24.8607","67.0011","2026-05-05T15:00","31.8","65","0.00","16.0","203","1006.7","12","98.7","29.9","261.0","5.2","14.5","143.0","122"
"Karachi","24.8607","67.0011","2026-05-05T16:00","31.8","67","0.00","14.5","207","1006.3","8","100.6","29.0","306.0","6.7","13.6","121.0","122"
"Karachi","24.8607","67.0011","2026-05-05T17:00","31.2","65","0.00","13.7","214","1006.2","0","72.9","24.7","356.0","10.6","13.6","102.0","127"
"Karachi","24.8607","67.0011","2026-05-05T18:00","30.1","76","0.00","11.3","222","1006.3","0","66.8","23.9","391.0","19.3","13.8","84.0","125"
"Karachi","24.8607","67.0011","2026-05-05T19:00","29.1","81","0.00","9.2","231","1006.6","0","60.5","24.0","430.0","31.4","14.2","58.0","115"
"Karachi","24.8607","67.0011","2026-05-05T20:00","28.4","88","0.00","5.9","232","1007.0","2","55.8","27.0","471.0","41.5","14.8","37.0","112"
"Karachi","24.8607","67.0011","2026-05-05T21:00","28.0","89","0.00","6.7","250","1007.4","0","58.4","28.6","535.0","48.6","16.2","25.0","110"
"Karachi","24.8607","67.0011","2026-05-05T22:00","27.6","90","0.00","5.4","276","1007.9","2","60.1","30.5","602.0","53.7","17.8","17.0","107"
"Karachi","24.8607","67.0011","2026-05-05T23:00","27.3","95","0.00","7.6","251","1007.9","25","60.8","33.6","607.0","54.7","18.3","14.0","104"
"Karachi","24.8607","67.0011","2026-05-06T00:00","27.4","93","0.00","10.7","299","1008.0","66","60.8","34.1","486.0","49.1","16.4","17.0","102"
"Karachi","24.8607","67.0011","2026-05-06T01:00","27.1","94","0.00","8.9","322","1007.7","35","56.2","31.1","303.0","39.3","13.3","25.0","100"
"Karachi","24.8607","67.0011","2026-05-06T02:00","26.9","94","0.00","5.8","346","1007.4","9","56.2","29.0","186.0","30.7","11.0","31.0","98"
"Karachi","24.8607","67.0011","2026-05-06T03:00","26.6","94","0.00","3.3","311","1007.2","5","56.8","26.5","185.0","24.4","10.3","34.0","97"
"Karachi","24.8607","67.0011","2026-05-06T04:00","26.4","95","0.00","1.1","261","1007.2","7","60.5","25.6","250.0","19.4","10.4","36.0","95"
"Karachi","24.8607","67.0011","2026-05-06T05:00","25.6","98","0.00","5.4","307","1007.5","68","75.4","34.1","363.0","26.4","12.7","28.0","94"
"Karachi","24.8607","67.0011","2026-05-06T06:00","25.4","96","0.00","4.8","329","1007.8","76","83.6","39.1","569.0","27.6","14.5","30.0","94"
"Karachi","24.8607","67.0011","2026-05-06T07:00","25.5","93","0.00","3.5","336","1008.3","40","88.5","41.1","823.0","29.0","17.2","35.0","94"
"Karachi","24.8607","67.0011","2026-05-06T08:00","27.4","79","0.00","2.1","340","1008.6","1","95.9","36.9","967.0","28.5","20.1","49.0","95"
"Karachi","24.8607","67.0011","2026-05-06T09:00","30.6","60","0.00","1.5","284","1008.8","0","110.4","37.3","911.0","24.4","24.1","81.0","95"
"Karachi","24.8607","67.0011","2026-05-06T10:00","33.3","49","0.00","5.4","217","1008.8","0","119.0","39.2","745.0","18.4","28.4","122.0","94"
"Karachi","24.8607","67.0011","2026-05-06T11:00","32.5","63","0.00","13.4","217","1009.0","0","117.1","39.5","584.0","13.1","30.0","150.0","94"
"Karachi","24.8607","67.0011","2026-05-06T12:00","32.5","61","0.00","14.0","229","1008.6","0","109.2","36.6","455.0","9.4","26.8","154.0","94"
"Karachi","24.8607","67.0011","2026-05-06T13:00","32.5","60","0.00","15.3","236","1008.0","0","95.9","32.1","331.0","6.4","20.9","145.0","93"
"Karachi","24.8607","67.0011","2026-05-06T14:00","32.2","61","0.00","16.4","241","1007.5","0","85.0","28.3","250.0","4.8","16.3","132.0","92"
"Karachi","24.8607","67.0011","2026-05-06T15:00","31.8","61","0.00","15.1","245","1006.7","1","78.7","26.1","241.0","4.5","14.4","118.0","92"
"Karachi","24.8607","67.0011","2026-05-06T16:00","31.5","60","0.00","15.2","256","1006.1","0","74.3","24.9","275.0","5.6","13.8","102.0","92"
"Karachi","24.8607","67.0011","2026-05-06T17:00","30.5","62","0.00","12.6","261","1006.1","0","86.6","27.3","307.0","9.2","14.1","90.0","91"
"Karachi","24.8607","67.0011","2026-05-06T18:00","29.8","67","0.00","11.4","237","1005.4","9","78.5","26.5","319.0","14.8","13.9","75.0","92"
"Karachi","24.8607","67.0011","2026-05-06T19:00","27.9","82","0.00","10.6","210","1004.9","5","71.0","26.2","330.0","22.5","13.5","55.0","92"
"Karachi","24.8607","67.0011","2026-05-06T20:00","27.5","84","0.00","11.2","264","1005.8","25","62.6","27.1","343.0","28.2","13.2","40.0","92"
"Karachi","24.8607","67.0011","2026-05-06T21:00","27.5","85","0.00","9.4","271","1006.5","10","61.7","27.4","370.0","30.1","12.9","35.0","92"
"Karachi","24.8607","67.0011","2026-05-06T22:00","27.2","87","0.00","7.6","277","1006.7","9","58.3","27.0","401.0","30.1","12.7","34.0","92"
"Karachi","24.8607","67.0011","2026-05-06T23:00","27.5","88","0.00","9.1","284","1006.7","7","55.8","26.8","409.0","29.0","12.3","35.0","92"
"Karachi","24.8607","67.0011","2026-05-07T00:00","27.2","89","0.00","7.7","271","1006.0","2","53.3","26.7","375.0","27.1","11.7","36.0","91"
"Karachi","24.8607","67.0011","2026-05-07T01:00","27.0","90","0.00","7.6","258","1005.2","2","51.0","25.4","317.0","24.1","10.9","38.0","90"
"Karachi","24.8607","67.0011","2026-05-07T02:00","26.9","92","0.00","8.5","265","1005.0","2","48.9","23.5","267.0","21.0","10.1","41.0","90"
"Karachi","24.8607","67.0011","2026-05-07T03:00","26.5","95","0.00","9.6","261","1004.5","20","45.1","21.2","229.0","17.5","9.0","45.0","89"
"Karachi","24.8607","67.0011","2026-05-07T04:00","26.3","96","0.00","9.4","263","1004.6","16","41.1","19.2","197.0","13.8","7.9","49.0","89"
"Karachi","24.8607","67.0011","2026-05-07T05:00","26.5","94","0.00","12.5","264","1004.6","5","32.2","16.1","187.0","8.6","7.2","56.0","88"
"Karachi","24.8607","67.0011","2026-05-07T06:00","26.6","93","0.00","12.8","266","1004.8","20","31.1","15.9","216.0","9.2","8.3","58.0","87"
"Karachi","24.8607","67.0011","2026-05-07T07:00","27.4","89","0.00","14.2","266","1005.4","21","33.4","16.7","265.0","9.9","9.9","62.0","85"
"Karachi","24.8607","67.0011","2026-05-07T08:00","28.8","78","0.00","15.1","270","1005.9","40","40.4","17.3","296.0","9.9","11.4","68.0","82"
"Karachi","24.8607","67.0011","2026-05-07T09:00","30.1","70","0.00","15.5","271","1006.1","37","45.6","18.6","286.0","8.5","13.0","80.0","81"
"Karachi","24.8607","67.0011","2026-05-07T10:00","31.2","64","0.00","15.7","269","1006.2","13","54.0","20.3","256.0","6.3","14.5","96.0","79"
"Karachi","24.8607","67.0011","2026-05-07T11:00","31.9","63","0.00","16.1","260","1006.3","23","60.3","21.8","234.0","4.6","15.3","107.0","77"
"Karachi","24.8607","67.0011","2026-05-07T12:00","32.3","61","0.00","15.8","255","1006.1","5","64.0","22.3","228.0","3.8","14.9","111.0","76"
"Karachi","24.8607","67.0011","2026-05-07T13:00","32.5","59","0.00","16.1","246","1005.9","6","60.3","21.5","229.0","3.4","13.8","110.0","75"
"Karachi","24.8607","67.0011","2026-05-07T14:00","32.1","61","0.00","16.6","239","1005.5","11","51.3","20.0","237.0","3.6","12.8","107.0","74"
"Karachi","24.8607","67.0011","2026-05-07T15:00","31.6","65","0.00","16.5","234","1005.1","12","44.5","18.7","256.0","4.1","12.2","102.0","73"
"Karachi","24.8607","67.0011","2026-05-07T16:00","31.0","68","0.00","15.7","230","1004.8","7","40.6","18.1","282.0","5.2","11.8","95.0","72"
"Karachi","24.8607","67.0011","2026-05-07T17:00","30.1","74","0.00","17.1","215","1004.3","0","39.0","15.8","299.0","7.1","12.2","85.0","72"
"Karachi","24.8607","67.0011","2026-05-07T18:00","29.5","78","0.00","16.7","213","1004.3","0","37.0","16.1","298.0","10.4","11.8","76.0","71"
"Karachi","24.8607","67.0011","2026-05-07T19:00","28.8","83","0.00","14.2","213","1004.7","8","35.6","16.4","288.0","14.8","11.3","63.0","70"
"Karachi","24.8607","67.0011","2026-05-07T20:00","28.6","85","0.00","13.9","205","1004.6","5","33.4","16.8","282.0","17.9","10.8","54.0","69"
"Karachi","24.8607","67.0011","2026-05-07T21:00","28.4","87","0.00","14.9","217","1005.1","4","32.6","16.6","290.0","18.3","10.4","51.0","68"
"Karachi","24.8607","67.0011","2026-05-07T22:00","28.2","88","0.00","10.5","241","1006.4","5","32.1","16.7","303.0","17.2","9.9","52.0","67"
"Karachi","24.8607","67.0011","2026-05-07T23:00","28.1","89","0.00","8.8","242","1006.5","2","32.6","17.3","305.0","16.0","9.6","52.0","66"
"Karachi","24.8607","67.0011","2026-05-08T00:00","28.1","88","0.00","6.5","226","1006.4","6","32.6","17.6","285.0","14.8","9.4","52.0","65"
"Karachi","24.8607","67.0011","2026-05-08T01:00","27.8","90","0.00","7.9","221","1005.5","1","32.0","17.2","254.0","13.4","9.3","51.0","64"
"Karachi","24.8607","67.0011","2026-05-08T02:00","27.5","91","0.00","8.4","222","1004.8","1","30.5","16.7","232.0","12.3","9.2","51.0","64"
"Karachi","24.8607","67.0011","2026-05-08T03:00","27.3","92","0.00","7.6","236","1004.5","0","29.3","16.1","222.0","11.5","8.9","50.0","63"
"Karachi","24.8607","67.0011","2026-05-08T04:00","27.1","93","0.00","7.3","237","1004.2","1","28.5","15.8","221.0","10.9","8.6","48.0","63"
"Karachi","24.8607","67.0011","2026-05-08T05:00","26.9","95","0.00","6.5","251","1004.6","13","27.6","15.4","235.0","9.9","8.7","50.0","62"
"Karachi","24.8607","67.0011","2026-05-08T06:00","27.0","95","0.00","7.2","245","1005.1","22","29.4","16.2","280.0","11.1","10.9","52.0","62"
"Karachi","24.8607","67.0011","2026-05-08T07:00","27.6","90","0.00","8.1","235","1005.7","24","31.8","17.5","341.0","12.6","14.1","57.0","62"
"Karachi","24.8607","67.0011","2026-05-08T08:00","28.7","83","0.00","8.6","231","1006.1","18","34.9","17.9","378.0","13.1","17.0","66.0","62"
"Karachi","24.8607","67.0011","2026-05-08T09:00","30.0","74","0.00","7.9","250","1006.7","22","38.3","19.4","370.0","11.6","19.7","85.0","62"
"Karachi","24.8607","67.0011","2026-05-08T10:00","31.3","67","0.00","8.1","225","1006.8","16","42.8","21.7","339.0","9.0","22.2","110.0","62"
"Karachi","24.8607","67.0011","2026-05-08T11:00","31.6","67","0.00","12.0","212","1007.1","15","47.3","24.0","310.0","6.8","23.3","127.0","63"
"Karachi","24.8607","67.0011","2026-05-08T12:00","32.0","65","0.00","13.6","208","1007.0","7","48.3","24.8","290.0","5.4","22.1","133.0","63"
"Karachi","24.8607","67.0011","2026-05-08T13:00","32.0","65","0.00","14.2","206","1006.9","10","46.1","23.3","274.0","4.5","19.5","132.0","63"
"Karachi","24.8607","67.0011","2026-05-08T14:00","31.9","65","0.00","14.3","205","1006.7","19","43.2","21.1","268.0","4.2","17.2","127.0","63"
"Karachi","24.8607","67.0011","2026-05-08T15:00","31.6","66","0.00","13.9","205","1006.2","4","41.4","19.2","282.0","4.4","15.6","116.0","63"
"Karachi","24.8607","67.0011","2026-05-08T16:00","31.4","68","0.00","13.3","210","1005.8","3","40.7","18.0","306.0","5.3","14.3","100.0","63"
"Karachi","24.8607","67.0011","2026-05-08T17:00","30.8","69","0.00","13.0","204","1005.8","0","47.4","18.6","325.0","7.8","13.0","83.0","64"
"Karachi","24.8607","67.0011","2026-05-08T18:00","30.0","76","0.00","12.3","202","1006.0","1","44.1","18.1","332.0","13.0","13.0","72.0","64"
"Karachi","24.8607","67.0011","2026-05-08T19:00","29.2","82","0.00","12.6","200","1006.4","0","39.9","17.7","332.0","20.1","12.9","56.0","64"
"Karachi","24.8607","67.0011","2026-05-08T20:00","28.9","85","0.00","11.7","198","1006.8","15","35.9","18.7","329.0","24.9","12.6","45.0","64"
"Karachi","24.8607","67.0011","2026-05-08T21:00","28.5","87","0.00","12.1","205","1007.3","14","34.2","18.7","325.0","25.2","11.7","42.0","64"
"Karachi","24.8607","67.0011","2026-05-08T22:00","28.4","88","0.00","13.0","204","1007.6","13","32.2","18.0","316.0","23.2","10.6","44.0","64"
"Karachi","24.8607","67.0011","2026-05-08T23:00","28.5","88","0.00","12.5","221","1007.7","40","30.7","17.0","299.0","21.3","9.6","45.0","64"
"Karachi","24.8607","67.0011","2026-05-09T00:00","28.4","88","0.10","10.5","233","1007.8","40","30.0","16.5","262.0","20.1","9.0","45.0","64"
"Karachi","24.8607","67.0011","2026-05-09T01:00","28.3","87","0.10","8.7","263","1007.7","43","28.9","16.2","216.0","18.9","8.6","45.0","64"
"Karachi","24.8607","67.0011","2026-05-09T02:00","27.8","92","0.00","8.0","260","1007.0","50","28.1","15.8","185.0","18.0","8.5","44.0","64"
"Karachi","24.8607","67.0011","2026-05-09T03:00","27.4","95","0.00","7.2","251","1006.6","20","28.1","15.5","173.0","17.5","8.3","41.0","64"
"Karachi","24.8607","67.0011","2026-05-09T04:00","27.1","97","0.00","5.9","258","1006.8","25","28.1","15.4","177.0","17.3","8.3","38.0","64"
"Karachi","24.8607","67.0011","2026-05-09T05:00","27.0","97","0.00","6.0","261","1006.9","17","33.3","20.1","206.0","17.5","10.0","37.0","64"
"Karachi","24.8607","67.0011","2026-05-09T06:00","27.1","96","0.00","4.5","277","1007.6","98","34.0","20.9","290.0","18.4","12.9","40.0","64"
"Karachi","24.8607","67.0011","2026-05-09T07:00","27.5","92","0.00","3.6","261","1008.2","35","37.4","21.8","399.0","19.6","17.1","44.0","65"
"Karachi","24.8607","67.0011","2026-05-09T08:00","28.8","82","0.00","5.3","235","1008.9","6","39.1","20.4","461.0","19.1","20.6","54.0","65"
"Karachi","24.8607","67.0011","2026-05-09T09:00","30.1","74","0.00","7.5","222","1009.2","11","45.1","19.8","428.0","15.6","23.4","74.0","65"
"Karachi","24.8607","67.0011","2026-05-09T10:00","31.0","68","0.00","10.3","218","1009.3","5","48.2","21.7","347.0","10.5","25.6","98.0","65"
"Karachi","24.8607","67.0011","2026-05-09T11:00","31.5","65","0.00","12.2","223","1009.3","2","49.7","23.2","283.0","6.5","26.0","116.0","65"
"Karachi","24.8607","67.0011","2026-05-09T12:00","32.0","63","0.00","13.4","221","1008.8","5","49.0","22.7","260.0","4.7","23.4","121.0","65"
"Karachi","24.8607","67.0011","2026-05-09T13:00","32.0","64","0.00","13.8","221","1008.5","5","48.3","21.1","255.0","3.9","19.1","119.0","65"
"Karachi","24.8607","67.0011","2026-05-09T14:00","32.0","64","0.00","14.4","224","1007.8","2","46.9","19.4","256.0","3.9","15.6","114.0","65"
"Karachi","24.8607","67.0011","2026-05-09T15:00","31.8","66","0.00","14.6","230","1007.2","13","45.6","18.3","265.0","4.2","14.1","107.0","65"
"Karachi","24.8607","67.0011","2026-05-09T16:00","31.4","67","0.00","14.2","235","1006.7","10","43.4","17.3","281.0","5.2","13.4","98.0","65"
"Karachi","24.8607","67.0011","2026-05-09T17:00","30.5","71","0.00","13.6","238","1006.7","2","47.8","19.0","295.0","8.1","13.2","87.0","65"
"Karachi","24.8607","67.0011","2026-05-09T18:00","29.8","75","0.00","12.4","242","1006.6","1","47.1","18.6","307.0","13.1","13.3","76.0","65"
"Karachi","24.8607","67.0011","2026-05-09T19:00","28.9","81","0.00","11.1","247","1007.0","2","44.2","18.7","317.0","20.1","13.5","60.0","65"
"Karachi","24.8607","67.0011","2026-05-09T20:00","28.4","86","0.00","10.1","246","1007.3","8","42.3","20.3","320.0","25.4","13.7","48.0","65"
"Karachi","24.8607","67.0011","2026-05-09T21:00","28.1","87","0.00","9.6","249","1007.8","8","43.0","21.1","316.0","27.8","13.9","43.0","65"
"Karachi","24.8607","67.0011","2026-05-09T22:00","28.0","89","0.00","9.2","247","1008.1","7","43.4","21.8","305.0","28.6","14.0","42.0","65"
"Karachi","24.8607","67.0011","2026-05-09T23:00","28.0","90","0.00","8.7","248","1007.9","0","42.8","22.3","285.0","28.0","13.8","42.0","65"
"Karachi","24.8607","67.0011","2026-05-10T00:00","27.9","90","0.00","10.1","276","1007.6","2","40.9","21.9","248.0","25.3","12.9","44.0","66"
"Karachi","24.8607","67.0011","2026-05-10T01:00","27.6","90","0.00","9.6","282","1007.3","20","37.6","20.4","201.0","21.2","11.5","47.0","66"
"Karachi","24.8607","67.0011","2026-05-10T02:00","27.5","90","0.00","9.6","284","1006.9","24","35.0","18.9","169.0","17.6","10.4","49.0","67"
"Karachi","24.8607","67.0011","2026-05-10T03:00","27.2","92","0.00","9.1","284","1006.8","10","32.6","17.6","157.0","15.3","9.4","49.0","67"
"Karachi","24.8607","67.0011","2026-05-10T04:00","27.0","93","0.00","9.1","279","1006.4","34","30.4","16.9","160.0","13.5","8.5","48.0","67"
"Karachi","24.8607","67.0011","2026-05-10T05:00","26.9","94","0.00","8.6","269","1006.3","16","27.9","15.8","179.0","11.2","8.1","52.0","67"
"Karachi","24.8607","67.0011","2026-05-10T06:00","27.0","93","0.00","8.3","272","1006.7","11","29.0","17.1","233.0","11.6","10.3","56.0","67"
"Karachi","24.8607","67.0011","2026-05-10T07:00","27.6","89","0.00","8.5","270","1007.3","10","36.2","18.3","303.0","12.1","13.2","61.0","67"
"Karachi","24.8607","67.0011","2026-05-10T08:00","29.0","80","0.00","9.0","265","1008.1","11","54.5","22.5","344.0","11.8","15.7","70.0","66"
"Karachi","24.8607","67.0011","2026-05-10T09:00","30.2","73","0.00","10.5","243","1008.2","10","47.3","19.8","325.0","9.9","17.2","85.0","67"
"Karachi","24.8607","67.0011","2026-05-10T10:00","31.0","69","0.00","12.7","238","1008.4","16","51.8","21.4","275.0","7.2","18.2","102.0","67"
"Karachi","24.8607","67.0011","2026-05-10T11:00","31.5","67","0.00","13.3","238","1008.3","13","55.8","22.9","237.0","5.1","18.4","115.0","67"
"Karachi","24.8607","67.0011","2026-05-10T12:00","32.3","61","0.00","14.4","238","1008.0","2","59.5","23.6","226.0","4.0","17.2","119.0","66"
"Karachi","24.8607","67.0011","2026-05-10T13:00","32.5","61","0.00","15.3","236","1007.5","2","61.7","23.7","225.0","3.6","15.2","117.0","67"
"Karachi","24.8607","67.0011","2026-05-10T14:00","32.4","61","0.00","15.9","235","1006.7","1","60.8","23.1","233.0","3.8","13.6","113.0","67"
"Karachi","24.8607","67.0011","2026-05-10T15:00","32.0","64","0.00","16.0","239","1005.8","1","57.9","21.8","250.0","4.4","12.8","106.0","67"
"Karachi","24.8607","67.0011","2026-05-10T16:00","31.6","66","0.00","15.5","245","1005.3","0","53.3","20.0","274.0","5.6","12.4","96.0","67"
"Karachi","24.8607","67.0011","2026-05-10T17:00","30.9","68","0.00","13.2","246","1005.0","0","48.8","18.4","297.0","8.4","12.3","85.0","68"
"Karachi","24.8607","67.0011","2026-05-10T18:00","30.2","72","0.00","11.7","250","1005.0","0","45.1","17.6","312.0","14.3","12.4","71.0","68"
"Karachi","24.8607","67.0011","2026-05-10T19:00","29.5","78","0.00","10.1","253","1005.5","0","41.0","17.9","326.0","21.7","12.8","56.0","68"
"Karachi","24.8607","67.0011","2026-05-10T20:00","29.0","82","0.00","9.1","252","1005.9","0","39.3","19.6","346.0","26.8","13.1","46.0","67"
"Karachi","24.8607","67.0011","2026-05-10T21:00","28.5","84","0.00","9.5","251","1006.1","0","39.9","20.4","390.0","27.9","13.2","43.0","67"
"Karachi","24.8607","67.0011","2026-05-10T22:00","28.2","87","0.00","8.4","259","1006.5","0","39.6","20.7","440.0","26.8","13.2","45.0","67"
"Karachi","24.8607","67.0011","2026-05-10T23:00","28.1","89","0.00","8.6","268","1006.5","0","38.3","20.4","450.0","24.8","12.9","47.0","67"
"Karachi","24.8607","67.0011","2026-05-11T00:00","28.1","89","0.00","9.6","274","1006.3","2","36.2","19.4","383.0","21.8","12.0","50.0","67"
"Karachi","24.8607","67.0011","2026-05-11T01:00","27.8","91","0.00","8.1","276","1005.6","4","33.8","18.2","277.0","17.9","10.8","53.0","67"
"Karachi","24.8607","67.0011","2026-05-11T02:00","27.5","93","0.00","8.5","269","1005.4","3","31.9","17.2","197.0","14.6","9.7","56.0","67"
"Karachi","24.8607","67.0011","2026-05-11T03:00","27.2","94","0.00","8.7","265","1005.1","3","31.3","16.6","169.0","12.5","8.8","57.0","67"
"Karachi","24.8607","67.0011","2026-05-11T04:00","27.1","94","0.00","7.4","263","1005.0","10","31.4","16.4","169.0","11.0","8.0","57.0","66"
"Karachi","24.8607","67.0011","2026-05-11T05:00","26.9","95","0.00","7.7","259","1004.9","30","31.8","17.1","187.0","11.4","8.0","55.0","66"
"Karachi","24.8607","67.0011","2026-05-11T06:00","27.0","95","0.00","8.7","253","1005.4","35","33.3","17.2","239.0","12.1","9.7","59.0","66"
"Karachi","24.8607","67.0011","2026-05-11T07:00","27.9","89","0.00","9.3","238","1006.1","16","37.0","18.3","309.0","13.0","12.0","64.0","67"
"Karachi","24.8607","67.0011","2026-05-11T08:00","29.0","81","0.00","10.2","240","1006.9","30","45.3","19.6","350.0","12.9","14.0","73.0","67"
"Karachi","24.8607","67.0011","2026-05-11T09:00","30.2","73","0.00","12.0","235","1007.2","38","50.6","21.2","330.0","10.7","15.4","88.0","66"
"Karachi","24.8607","67.0011","2026-05-11T10:00","31.0","70","0.00","13.4","233","1007.3","23","54.1","23.0","279.0","7.5","16.5","106.0","66"
"Karachi","24.8607","67.0011","2026-05-11T11:00","31.8","67","0.00","14.8","239","1007.5","30","55.9","23.7","240.0","5.0","16.9","119.0","67"
"Karachi","24.8607","67.0011","2026-05-11T12:00","32.5","63","0.00","15.6","237","1007.1","41","55.2","23.2","229.0","3.8","16.2","122.0","67"
"Karachi","24.8607","67.0011","2026-05-11T13:00","32.8","63","0.00","15.6","236","1006.6","15","54.7","22.7","229.0","3.4","14.8","121.0","67"
"Karachi","24.8607","67.0011","2026-05-11T14:00","32.8","62","0.00","14.3","237","1005.7","4","53.8","22.4","239.0","3.7","13.9","117.0","66"
"Karachi","24.8607","67.0011","2026-05-11T15:00","32.8","63","0.00","14.3","236","1004.9","14","53.4","22.3","261.0","4.2","14.1","114.0","66"
"Karachi","24.8607","67.0011","2026-05-11T16:00","32.3","66","0.00","13.5","239","1004.4","3","52.4","22.1","292.0","5.5","14.8","109.0","66"
"Karachi","24.8607","67.0011","2026-05-11T17:00","31.4","70","0.00","12.8","236","1004.0","2","51.1","21.9","318.0","9.1","16.4","102.0","67"
"Karachi","24.8607","67.0011","2026-05-11T18:00","30.4","75","0.00","11.0","242","1004.1","0","46.2","21.0","334.0","16.7","16.7","85.0","67"
"Karachi","24.8607","67.0011","2026-05-11T19:00","29.5","79","0.00","8.3","243","1004.6","1","41.1","20.5","346.0","27.2","17.0","63.0","67"
"Karachi","24.8607","67.0011","2026-05-11T20:00","29.0","83","0.00","8.3","228","1004.7","1","37.6","22.2","356.0","35.0","17.1","45.0","67"
"Karachi","24.8607","67.0011","2026-05-11T21:00","28.7","86","0.00","8.6","202","1005.0","1","36.0","22.4","372.0","37.9","16.7","38.0","68"
"Karachi","24.8607","67.0011","2026-05-11T22:00","28.5","86","0.00","8.8","200","1005.3","0","34.5","22.5","387.0","38.0","16.0","36.0","68"
"Karachi","24.8607","67.0011","2026-05-11T23:00","28.5","88","0.00","7.9","229","1005.6","23","33.8","21.8","383.0","36.3","15.0","36.0","68"
"Karachi","24.8607","67.0011","2026-05-12T00:00","28.4","88","0.00","7.7","231","1005.4","13","32.1","20.3","346.0","32.2","13.3","39.0","68"
"Karachi","24.8607","67.0011","2026-05-12T01:00","28.2","90","0.00","7.4","227","1005.1","12","30.4","18.7","291.0","26.2","11.3","43.0","68"
"Karachi","24.8607","67.0011","2026-05-12T02:00","28.0","92","0.00","6.0","219","1004.5","11","29.3","17.6","246.0","21.3","9.8","47.0","68"
"Karachi","24.8607","67.0011","2026-05-12T03:00","27.8","93","0.00","7.3","213","1004.2","13","30.6","17.5","215.0","18.5","8.9","47.0","68"
"Karachi","24.8607","67.0011","2026-05-12T04:00","27.7","93","0.00","8.9","220","1003.9","17","31.8","17.4","195.0","16.7","8.6","47.0","68"
"Karachi","24.8607","67.0011","2026-05-12T05:00","28.0","92","0.00","9.0","209","1003.6","16","27.8","17.0","200.0","16.9","9.6","45.0","68"
"Karachi","24.8607","67.0011","2026-05-12T06:00","28.0","92","0.00","8.7","214","1003.9","17","29.6","16.2","256.0","16.3","12.0","50.0","68"
"Karachi","24.8607","67.0011","2026-05-12T07:00","28.6","88","0.00","9.7","230","1004.6","16","36.1","16.6","338.0","15.4","15.3","58.0","68"
"Karachi","24.8607","67.0011","2026-05-12T08:00","29.7","80","0.00","7.8","238","1005.2","13","44.8","17.9","387.0","14.0","18.1","70.0","68"
"Karachi","24.8607","67.0011","2026-05-12T09:00","31.0","72","0.00","8.4","233","1005.4","2","53.2","20.1","370.0","11.5","20.1","89.0","68"
"Karachi","24.8607","67.0011","2026-05-12T10:00","32.2","67","0.00","9.5","226","1005.5","0","62.2","22.8","320.0","8.5","21.6","112.0","68"
"Karachi","24.8607","67.0011","2026-05-12T11:00","33.8","57","0.00","9.5","224","1005.2","0","68.9","25.3","281.0","6.2","22.3","129.0","68"
"Karachi","24.8607","67.0011","2026-05-12T12:00","34.4","54","0.00","10.3","221","1004.4","0","73.6","26.3","266.0","5.0","21.9","138.0","68"
"Karachi","24.8607","67.0011","2026-05-12T13:00","34.9","51","0.00","10.8","216","1003.6","0","77.5","27.0","261.0","4.5","20.8","141.0","68"
"Karachi","24.8607","67.0011","2026-05-12T14:00","34.8","52","0.00","12.0","213","1002.8","0","88.7","28.7","271.0","4.8","19.7","141.0","69"
"Karachi","24.8607","67.0011","2026-05-12T15:00","34.2","53","0.00","12.5","213","1001.9","0","102.9","31.1","302.0","5.7","19.1","137.0","69"
"Karachi","24.8607","67.0011","2026-05-12T16:00","33.3","56","0.00","12.0","213","1001.3","22","114.8","32.9","348.0","7.4","18.6","129.0","70"
"Karachi","24.8607","67.0011","2026-05-12T17:00","33.5","57","0.00","10.3","221","1001.2","19","119.0","33.8","387.0","11.2","18.0","117.0","83"
"Karachi","24.8607","67.0011","2026-05-12T18:00","32.0","62","0.00","9.8","223","1001.1","51","110.4","32.7","415.0","18.9","17.0","97.0","89"
"Karachi","24.8607","67.0011","2026-05-12T19:00","30.7","71","0.00","7.0","190","1001.7","88","88.7","30.4","436.0","28.6","15.9","72.0","85"
"Karachi","24.8607","67.0011","2026-05-12T20:00","30.0","79","0.00","9.1","198","1002.0","75","66.8","28.9","449.0","35.6","15.0","54.0","74"
"Karachi","24.8607","67.0011","2026-05-12T21:00","29.6","82","0.00","8.4","236","1002.3","58","56.6","27.6","444.0","38.0","14.6","46.0","75"
"Karachi","24.8607","67.0011","2026-05-12T22:00","29.4","82","0.00","7.1","240","1002.8","10","49.1","27.0","430.0","37.7","14.3","45.0","75"
"Karachi","24.8607","67.0011","2026-05-12T23:00","29.4","81","0.00","8.4","263","1002.7","5","42.6","24.7","432.0","35.7","13.8","46.0","75"
"Karachi","24.8607","67.0011","2026-05-13T00:00","29.1","81","0.00","6.6","323","1002.5","6","36.2","22.1","467.0","31.4","12.4","49.0","76"
"Karachi","24.8607","67.0011","2026-05-13T01:00","28.8","82","0.00","4.6","347","1002.1","0","33.6","20.4","519.0","25.5","10.7","55.0","76"
"Karachi","24.8607","67.0011","2026-05-13T02:00","28.4","84","0.00","2.7","340","1001.6","0","35.7","20.8","559.0","21.0","9.7","59.0","76"
"Karachi","24.8607","67.0011","2026-05-13T03:00","28.1","85","0.00","2.4","216","1001.1","0","40.5","22.5","575.0","19.4","9.8","59.0","76"
"Karachi","24.8607","67.0011","2026-05-13T04:00","27.6","88","0.00","4.9","231","1001.0","0","42.8","23.2","580.0","19.3","10.6","56.0","77"
"Karachi","24.8607","67.0011","2026-05-13T05:00","27.5","93","0.00","4.7","230","1001.1","0","75.9","39.7","589.0","34.5","11.1","29.0","77"
"Karachi","24.8607","67.0011","2026-05-13T06:00","27.3","93","0.00","5.6","245","1001.7","0","61.9","34.5","626.0","33.5","11.6","38.0","79"
"Karachi","24.8607","67.0011","2026-05-13T07:00","28.5","86","0.00","4.0","249","1002.2","0","51.3","31.7","667.0","31.7","12.3","51.0","81"
"Karachi","24.8607","67.0011","2026-05-13T08:00","30.8","70","0.00","5.3","232","1002.8","0","54.5","30.9","659.0","28.3","12.4","69.0","82"
"Karachi","24.8607","67.0011","2026-05-13T09:00","32.7","58","0.00","7.2","233","1003.2","0","79.9","34.1","554.0","21.6","11.4","97.0","83"
"Karachi","24.8607","67.0011","2026-05-13T10:00","34.2","53","0.00","8.7","236","1003.5","0","137.4","45.8","399.0","13.2","9.7","129.0","85"
"Karachi","24.8607","67.0011","2026-05-13T11:00","35.7","45","0.00","13.1","257","1003.4","0","194.2","59.8","282.0","6.9","8.1","149.0","87"
"Karachi","24.8607","67.0011","2026-05-13T12:00","36.2","39","0.00","17.3","266","1003.0","0","200.2","63.8","241.0","4.4","6.7","148.0","90"
"Karachi","24.8607","67.0011","2026-05-13T13:00","36.3","38","0.00","19.8","272","1002.6","0","153.2","53.9","239.0","4.1","5.4","136.0","93"
"Karachi","24.8607","67.0011","2026-05-13T14:00","36.6","35","0.00","20.5","271","1001.9","0","83.8","34.8","246.0","4.6","4.5","123.0","95"
"Karachi","24.8607","67.0011","2026-05-13T15:00","36.3","36","0.00","19.9","266","1001.3","0","38.5","20.1","254.0","5.7","4.2","112.0","96"
"Karachi","24.8607","67.0011","2026-05-13T16:00","35.3","39","0.00","20.4","265","1000.8","0","26.8","16.4","273.0","7.7","4.3","101.0","95"
"Karachi","24.8607","67.0011","2026-05-13T17:00","34.6","42","0.00","22.4","266","1000.3","0","27.8","15.5","299.0","9.5","4.1","91.0","94"
"Karachi","24.8607","67.0011","2026-05-13T18:00","33.3","46","0.00","19.5","266","1000.2","0","22.9","15.0","343.0","12.5","4.3","84.0","92"
"Karachi","24.8607","67.0011","2026-05-13T19:00","32.2","50","0.00","16.8","275","1000.3","0","22.5","15.2","395.0","16.6","4.6","73.0","90"
"Karachi","24.8607","67.0011","2026-05-13T20:00","31.8","51","0.00","14.1","286","1001.0","0","23.5","15.5","424.0","19.1","4.9","66.0","89"
"Karachi","24.8607","67.0011","2026-05-13T21:00","31.4","53","0.00","15.2","284","1001.4","0","24.6","15.8","415.0","18.8","5.1","64.0","88"
"Karachi","24.8607","67.0011","2026-05-13T22:00","30.9","56","0.00","15.3","282","1001.8","0","26.1","16.6","382.0","17.0","5.1","64.0","87"
"Karachi","24.8607","67.0011","2026-05-13T23:00","30.8","58","0.00","13.9","283","1001.5","0","28.1","17.7","340.0","14.9","5.1","65.0","86"
"Karachi","24.8607","67.0011","2026-05-14T00:00","30.2","60","0.00","13.2","273","1001.4","0","29.7","18.5","285.0","12.9","4.8","65.0","85"
"Karachi","24.8607","67.0011","2026-05-14T01:00","29.6","66","0.00","11.9","266","1001.2","0","31.1","19.0","220.0","10.7","4.5","65.0","85"
"Karachi","24.8607","67.0011","2026-05-14T02:00","29.0","71","0.00","11.7","268","1001.1","0","30.3","18.5","172.0","8.8","4.2","64.0","85"
"Karachi","24.8607","67.0011","2026-05-14T03:00","28.6","75","0.00","13.2","274","1001.3","0","22.4","13.7","150.0","7.4","4.2","62.0","85"
"Karachi","24.8607","67.0011","2026-05-14T04:00","28.5","78","0.00","14.1","273","1001.5","0","15.3","9.7","145.0","6.4","4.2","60.0","84"
"Karachi","24.8607","67.0011","2026-05-14T05:00","28.2","84","0.00","14.0","270","1001.8","0","13.6","8.2","158.0","5.5","4.0","60.0","83"
"Karachi","24.8607","67.0011","2026-05-14T06:00","27.9","87","0.00","15.0","267","1002.3","0","12.3","7.8","204.0","6.9","4.5","59.0","80"
"Karachi","24.8607","67.0011","2026-05-14T07:00","28.5","86","0.00","15.7","257","1003.3","1","13.0","8.6","268.0","8.6","5.1","58.0","77"
"Karachi","24.8607","67.0011","2026-05-14T08:00","29.6","79","0.00","17.4","253","1003.8","1","17.8","11.3","305.0","9.4","5.5","61.0","75"
"Karachi","24.8607","67.0011","2026-05-14T09:00","30.6","73","0.00","18.4","250","1004.4","5","20.5","12.6","286.0","8.1","5.5","71.0","74"
"Karachi","24.8607","67.0011","2026-05-14T10:00","31.5","69","0.00","18.9","249","1004.8","17","21.7","13.1","239.0","5.9","5.3","83.0","72"
"Karachi","24.8607","67.0011","2026-05-14T11:00","32.3","64","0.00","20.1","254","1005.1","29","21.8","12.9","203.0","4.1","5.0","92.0","69"
"Karachi","24.8607","67.0011","2026-05-14T12:00","32.5","62","0.00","20.6","256","1004.5","38","21.4","13.0","192.0","3.4","4.7","93.0","65"
"Karachi","24.8607","67.0011","2026-05-14T13:00","32.8","62","0.00","19.8","254","1003.9","33","20.8","12.5","192.0","3.2","4.4","90.0","60"
"Karachi","24.8607","67.0011","2026-05-14T14:00","32.7","62","0.00","19.2","253","1003.3","5","21.2","12.5","198.0","3.4","4.2","85.0","57"
"Karachi","24.8607","67.0011","2026-05-14T15:00","32.3","63","0.00","18.6","250","1002.5","15","21.9","12.7","215.0","3.9","4.1","79.0","55"
"Karachi","24.8607","67.0011","2026-05-14T16:00","31.6","67","0.00","18.2","250","1001.9","9","22.9","12.9","238.0","4.8","4.1","71.0","54"
"Karachi","24.8607","67.0011","2026-05-14T17:00","31.0","69","0.00","18.0","249","1001.5","8","34.1","15.9","251.0","6.3","4.2","65.0","54"
"Karachi","24.8607","67.0011","2026-05-14T18:00","29.8","75","0.00","18.1","247","1001.3","26","32.2","15.6","245.0","8.7","4.4","58.0","54"
"Karachi","24.8607","67.0011","2026-05-14T19:00","29.1","78","0.00","17.3","246","1001.5","16","30.9","15.4","230.0","11.9","4.6","49.0","54"
"Karachi","24.8607","67.0011","2026-05-14T20:00","28.9","78","0.00","16.9","243","1001.8","32","22.8","11.5","215.0","14.0","4.8","42.0","54"
"Karachi","24.8607","67.0011","2026-05-14T21:00","28.6","80","0.00","16.3","238","1002.4","28","21.2","11.1","206.0","14.2","4.9","40.0","53"
"Karachi","24.8607","67.0011","2026-05-14T22:00","28.5","81","0.00","15.9","237","1003.0","38","20.9","11.0","198.0","13.4","5.0","39.0","53"
"Karachi","24.8607","67.0011","2026-05-14T23:00","28.7","82","0.00","14.2","237","1002.6","85","20.9","10.8","187.0","12.1","4.9","40.0","52"
"Karachi","24.8607","67.0011","2026-05-15T00:00","28.6","82","0.00","13.6","235","1002.7","71","21.2","10.4","170.0","10.2","4.6","41.0","52"
"Karachi","24.8607","67.0011","2026-05-15T01:00","28.4","84","0.00","14.8","236","1002.4","59","20.9","9.8","150.0","7.9","4.1","43.0","51"
"Karachi","24.8607","67.0011","2026-05-15T02:00","28.2","85","0.00","14.5","234","1002.0","42","21.3","9.5","137.0","6.1","3.8","45.0","50"
"Karachi","24.8607","67.0011","2026-05-15T03:00","28.2","85","0.00","14.7","233","1002.0","35","21.8","9.3","133.0","5.2","3.7","46.0","49"
"Karachi","24.8607","67.0011","2026-05-15T04:00","28.2","85","0.00","16.0","239","1002.0","40","22.6","9.2","136.0","4.8","3.8","46.0","48"
"Karachi","24.8607","67.0011","2026-05-15T05:00","28.5","80","0.00","15.4","243","1002.3","30","24.3","9.9","149.0","4.9","3.7","52.0","48"
"Karachi","24.8607","67.0011","2026-05-15T06:00","28.3","80","0.00","14.2","248","1002.8","29","24.7","9.9","180.0","5.6","3.9","52.0","48"
"Karachi","24.8607","67.0011","2026-05-15T07:00","28.9","76","0.00","17.5","258","1003.8","35","32.2","12.4","221.0","6.5","4.2","52.0","49"
"Karachi","24.8607","67.0011","2026-05-15T08:00","29.9","68","0.00","16.2","257","1004.4","36","37.4","14.2","245.0","6.8","4.4","55.0","50"
"Karachi","24.8607","67.0011","2026-05-15T09:00","30.9","63","0.10","18.7","253","1004.9","43","37.7","14.4","235.0","5.9","4.5","62.0","50"
"Karachi","24.8607","67.0011","2026-05-15T10:00","31.8","60","0.00","17.7","250","1005.5","43","38.4","14.5","208.0","4.3","4.5","72.0","50"
"Karachi","24.8607","67.0011","2026-05-15T11:00","32.4","58","0.00","17.4","250","1005.9","72","38.3","14.7","188.0","3.1","4.5","79.0","50"
"Karachi","24.8607","67.0011","2026-05-15T12:00","32.8","56","0.00","17.3","250","1005.2","49","36.7","14.5","185.0","2.7","4.4","81.0","50"
"Karachi","24.8607","67.0011","2026-05-15T13:00","32.9","58","0.00","17.3","247","1004.6","40","34.7","14.1","189.0","2.6","4.3","81.0","51"
"Karachi","24.8607","67.0011","2026-05-15T14:00","32.8","59","0.00","16.9","248","1003.9","48","33.5","13.7","198.0","2.9","4.3","79.0","51"
"Karachi","24.8607","67.0011","2026-05-15T15:00","32.5","62","0.00","16.4","245","1003.0","26","34.3","13.6","215.0","3.6","4.4","75.0","51"
"Karachi","24.8607","67.0011","2026-05-15T16:00","32.0","64","0.00","16.1","248","1002.3","42","36.1","13.8","237.0","4.6","4.5","69.0","51"
"Karachi","24.8607","67.0011","2026-05-15T17:00","31.5","66","0.00","15.3","245","1002.1","0","28.6","11.9","253.0","6.5","4.8","65.0","51"
"Karachi","24.8607","67.0011","2026-05-15T18:00","30.4","72","0.00","14.5","245","1002.0","1","31.1","12.7","260.0","9.1","5.0","57.0","51"
"Karachi","24.8607","67.0011","2026-05-15T19:00","29.5","79","0.00","13.4","246","1002.4","2","30.7","13.4","261.0","12.7","5.3","47.0","50"
"Karachi","24.8607","67.0011","2026-05-15T20:00","29.0","83","0.00","12.1","245","1002.9","3","27.1","12.9","257.0","15.4","5.5","39.0","50"
"Karachi","24.8607","67.0011","2026-05-15T21:00","28.7","84","0.00","11.3","245","1003.5","3","23.4","11.6","246.0","16.6","5.7","36.0","50"
"Karachi","24.8607","67.0011","2026-05-15T22:00","28.5","85","0.00","11.7","241","1004.0","9","22.1","11.4","230.0","16.9","5.9","36.0","50"
"Karachi","24.8607","67.0011","2026-05-15T23:00","28.7","83","0.00","12.8","239","1004.1","33","21.1","11.0","212.0","16.2","5.9","37.0","50"
"Karachi","24.8607","67.0011","2026-05-16T00:00","28.5","84","0.00","13.7","238","1004.1","19","19.7","10.1","192.0","13.8","5.5","40.0","50"
"Karachi","24.8607","67.0011","2026-05-16T01:00","28.2","85","0.00","12.6","245","1003.6","26","19.2","9.3","171.0","10.3","4.8","44.0","50"
"Karachi","24.8607","67.0011","2026-05-16T02:00","28.0","86","0.00","10.9","251","1003.2","41","19.6","9.1","157.0","7.6","4.4","48.0","50"
"Karachi","24.8607","67.0011","2026-05-16T03:00","27.9","86","0.00","10.6","252","1003.5","40","22.4","9.5","149.0","6.6","4.4","49.0","50"
"Karachi","24.8607","67.0011","2026-05-16T04:00","27.8","86","0.00","9.1","255","1004.0","34","25.6","10.2","148.0","6.3","4.6","50.0","50"
"Karachi","24.8607","67.0011","2026-05-16T05:00","27.7","86","0.00","9.6","257","1004.3","31","28.2","11.4","161.0","6.9","5.3","51.0","50"
"Karachi","24.8607","67.0011","2026-05-16T06:00","27.6","86","0.00","9.0","258","1004.6","4","30.6","12.4","205.0","7.5","5.6","53.0","51"
"Karachi","24.8607","67.0011","2026-05-16T07:00","28.5","79","0.00","8.8","270","1005.1","7","44.4","15.7","263.0","8.2","6.1","57.0","51"
"Karachi","24.8607","67.0011","2026-05-16T08:00","29.7","71","0.00","9.8","264","1005.6","23","51.1","17.5","297.0","8.3","6.4","63.0","51"
"Karachi","24.8607","67.0011","2026-05-16T09:00","31.0","65","0.00","10.8","255","1006.1","20","55.9","19.2","283.0","7.1","6.5","75.0","51"
"Karachi","24.8607","67.0011","2026-05-16T10:00","31.8","61","0.00","11.8","247","1006.0","20","59.4","20.7","244.0","5.4","6.4","91.0","52"
"Karachi","24.8607","67.0011","2026-05-16T11:00","32.8","58","0.00","12.8","242","1005.9","26","62.9","22.1","215.0","4.0","6.2","102.0","52"
"Karachi","24.8607","67.0011","2026-05-16T12:00","33.0","57","0.00","14.2","243","1005.5","1","65.4","22.6","208.0","3.4","5.9","106.0","53"
"Karachi","24.8607","67.0011","2026-05-16T13:00","33.3","55","0.00","13.4","241","1005.1","0","67.5","23.0","212.0","3.2","5.4","105.0","54"
"Karachi","24.8607","67.0011","2026-05-16T14:00","33.2","55","0.00","13.9","237","1004.8","0","70.5","23.5","221.0","3.5","5.1","102.0","55"
"Karachi","24.8607","67.0011","2026-05-16T15:00","32.6","57","0.00","14.3","236","1004.4","0","73.8","24.0","239.0","4.1","5.0","96.0","55"
"Karachi","24.8607","67.0011","2026-05-16T16:00","31.8","61","0.00","14.4","236","1004.0","0","77.5","24.7","264.0","5.3","5.0","87.0","56"
"Karachi","24.8607","67.0011","2026-05-16T17:00","31.2","63","0.00","13.1","234","1004.0","0","86.6","27.0","282.0","8.0","5.6","86.0","57"
"Karachi","24.8607","67.0011","2026-05-16T18:00","30.0","69","0.00","12.6","236","1004.2","0","87.3","27.1","290.0","11.1","5.7","74.0","59"
"Karachi","24.8607","67.0011","2026-05-16T19:00","28.9","76","0.00","11.5","241","1004.3","0","82.7","26.5","291.0","15.3","5.8","57.0","60"
"Karachi","24.8607","67.0011","2026-05-16T20:00","28.5","80","0.00","10.4","250","1005.0","0","75.7","25.0","285.0","19.0","6.0","44.0","61"
"Karachi","24.8607","67.0011","2026-05-16T21:00","28.2","83","0.00","9.3","262","1005.6","6","66.6","23.2","268.0","21.9","6.4","37.0","62"
"Karachi","24.8607","67.0011","2026-05-16T22:00","28.0","84","0.00","9.9","268","1006.2","21","61.2","22.9","242.0","24.1","6.9","32.0","63"
"Karachi","24.8607","67.0011","2026-05-16T23:00","28.1","85","0.00","11.2","275","1006.0","18","59.5","22.5","216.0","24.3","7.0","31.0","64"
"Karachi","24.8607","67.0011","2026-05-17T00:00","27.8","87","0.00","11.9","273","1006.0","20","57.3","21.5","189.0","21.0","6.4","34.0","65"
"Karachi","24.8607","67.0011","2026-05-17T01:00","27.4","89","0.00","11.5","279","1005.6","30","56.1","20.4","161.0","15.5","5.5","39.0","66"
"Karachi","24.8607","67.0011","2026-05-17T02:00","27.2","88","0.00","11.9","281","1005.4","37","54.4","19.2","142.0","11.0","4.8","44.0","67"
"Karachi","24.8607","67.0011","2026-05-17T03:00","27.0","88","0.00","11.7","281","1005.3","30","52.2","18.3","136.0","8.4","4.4","47.0","68"
"Karachi","24.8607","67.0011","2026-05-17T04:00","27.0","87","0.00","12.0","279","1005.4","30","51.9","17.8","139.0","6.7","4.1","49.0","69"
"Karachi","24.8607","67.0011","2026-05-17T05:00","27.1","88","0.00","12.7","282","1005.6","41","54.5","18.1","150.0","5.4","4.0","52.0","70"
"Karachi","24.8607","67.0011","2026-05-17T06:00","27.0","88","0.00","11.7","283","1006.0","18","51.0","17.8","176.0","5.9","4.5","53.0","70"
"Karachi","24.8607","67.0011","2026-05-17T07:00","27.6","82","0.00","12.4","284","1006.5","1","60.3","19.5","211.0","6.6","5.2","56.0","71"
"Karachi","24.8607","67.0011","2026-05-17T08:00","28.9","74","0.00","12.3","282","1007.0","2","72.6","22.2","231.0","6.8","5.8","62.0","71"
"Karachi","24.8607","67.0011","2026-05-17T09:00","30.5","64","0.00","12.5","277","1007.5","0","78.7","24.9","224.0","5.9","6.1","75.0","71"
"Karachi","24.8607","67.0011","2026-05-17T10:00","32.0","56","0.00","13.1","268","1007.8","0","86.4","27.1","202.0","4.5","6.3","92.0","72"
"Karachi","24.8607","67.0011","2026-05-17T11:00","33.3","44","0.00","13.5","262","1008.0","0","88.9","27.9","186.0","3.4","6.3","104.0","72"
"Karachi","24.8607","67.0011","2026-05-17T12:00","33.7","45","0.00","14.5","256","1007.7","1","89.6","27.3","182.0","2.9","6.0","107.0","73"
"Karachi","24.8607","67.0011","2026-05-17T13:00","33.9","44","0.00","14.7","253","1007.2","1","85.0","25.9","184.0","2.7","5.5","105.0","73"
"Karachi","24.8607","67.0011","2026-05-17T14:00","33.8","45","0.00","15.2","251","1006.6","0","80.6","24.8","188.0","2.9","5.2","101.0","74"
"Karachi","24.8607","67.0011","2026-05-17T15:00","33.2","46","0.00","15.4","253","1005.9","0","76.4","23.7","198.0","3.4","5.1","95.0","74"
"Karachi","24.8607","67.0011","2026-05-17T16:00","32.2","52","0.00","15.3","254","1005.4","0","71.7","22.9","210.0","4.3","5.2","88.0","74"
"Karachi","24.8607","67.0011","2026-05-17T17:00","31.1","63","0.00","15.1","262","1005.2","0","86.1","26.0","217.0","5.7","5.3","82.0","74"
"Karachi","24.8607","67.0011","2026-05-17T18:00","29.6","71","0.00","14.6","261","1005.2","0","77.8","25.6","213.0","7.8","5.3","72.0","73"
"Karachi","24.8607","67.0011","2026-05-17T19:00","28.4","79","0.00","13.6","262","1005.3","7","70.1","25.7","203.0","10.6","5.4","58.0","73"
"Karachi","24.8607","67.0011","2026-05-17T20:00","28.0","81","0.00","13.4","263","1005.5","9","60.3","23.4","192.0","12.6","5.4","47.0","73"
"Karachi","24.8607","67.0011","2026-05-17T21:00","27.9","82","0.00","14.1","264","1006.0","13","54.0","22.2","182.0","13.1","5.5","43.0","73"
"Karachi","24.8607","67.0011","2026-05-17T22:00","27.7","83","0.00","14.3","266","1006.5","16","54.1","22.5","172.0","12.7","5.5","43.0","73"
"Karachi","24.8607","67.0011","2026-05-17T23:00","28.0","80","0.00","14.6","269","1006.1","44","54.4","22.7","162.0","11.7","5.4","44.0","73"
"Karachi","24.8607","67.0011","2026-05-18T00:00","27.7","83","0.00","13.7","271","1005.9","50","53.2","22.3","151.0","9.9","5.0","46.0","73"
"Karachi","24.8607","67.0011","2026-05-18T01:00","27.4","85","0.00","13.9","270","1005.2","38","51.7","21.5","140.0","7.5","4.3","49.0","73"
"Karachi","24.8607","67.0011","2026-05-18T02:00","27.2","86","0.00","13.9","272","1004.8","37","51.2","20.7","133.0","5.7","3.9","52.0","73"
"Karachi","24.8607","67.0011","2026-05-18T03:00","27.1","87","0.00","13.3","272","1004.6","44","50.5","20.0","129.0","4.8","3.8","54.0","73"
"Karachi","24.8607","67.0011","2026-05-18T04:00","27.0","86","0.00","13.3","272","1004.8","44","49.0","19.4","130.0","4.3","3.9","55.0","73"
"Karachi","24.8607","67.0011","2026-05-18T05:00","27.0","85","0.00","14.1","274","1004.7","42","46.6","18.4","140.0","4.2","3.5","55.0","74"
"Karachi","24.8607","67.0011","2026-05-18T06:00","27.1","82","0.00","14.6","273","1004.8","52","46.7","18.7","170.0","5.1","3.9","56.0","74"
"Karachi","24.8607","67.0011","2026-05-18T07:00","27.9","76","0.00","17.0","275","1005.3","30","55.2","20.5","210.0","6.3","4.5","57.0","74"
"Karachi","24.8607","67.0011","2026-05-18T08:00","28.8","71","0.00","18.0","278","1005.8","24","63.8","24.2","234.0","6.8","4.9","61.0","74"
"Karachi","24.8607","67.0011","2026-05-18T09:00","30.0","65","0.00","18.4","276","1006.1","16","66.6","25.3","228.0","6.0","5.1","69.0","74"
"Karachi","24.8607","67.0011","2026-05-18T10:00","31.0","61","0.00","17.5","271","1006.2","5","69.2","26.1","207.0","4.5","5.1","80.0","74"
"Karachi","24.8607","67.0011","2026-05-18T11:00","32.0","58","0.00","18.4","267","1006.1","8","70.1","26.2","191.0","3.4","5.0","87.0","74"
"Karachi","24.8607","67.0011","2026-05-18T12:00","32.2","57","0.00","19.1","259","1005.9","2","68.2","25.6","187.0","2.9","4.8","88.0","74"
"Karachi","24.8607","67.0011","2026-05-18T13:00","32.2","56","0.00","19.6","255","1005.4","0","66.4","24.9","187.0","2.7","4.5","86.0","74"
"Karachi","24.8607","67.0011","2026-05-18T14:00","32.1","59","0.00","19.6","251","1005.0","5","65.7","24.7","192.0","2.9","4.3","83.0","74"
"Karachi","24.8607","67.0011","2026-05-18T15:00","31.7","62","0.00","19.7","246","1004.5","2","64.5","24.6","206.0","3.4","4.3","78.0","74"
"Karachi","24.8607","67.0011","2026-05-18T16:00","31.2","64","0.00","19.8","248","1003.9","4","62.9","24.4","224.0","4.3","4.3","72.0","74"
"Karachi","24.8607","67.0011","2026-05-18T17:00","30.8","66","0.00","18.9","254","1003.2","1","61.9","24.7","235.0","6.0","4.4","66.0","74"
"Karachi","24.8607","67.0011","2026-05-18T18:00","29.6","72","0.00","18.4","254","1003.3","5","60.5","24.6","233.0","8.0","4.5","60.0","74"
"Karachi","24.8607","67.0011","2026-05-18T19:00","28.8","77","0.00","17.6","250","1003.3","27","56.8","24.3","224.0","10.7","4.8","52.0","74"
"Karachi","24.8607","67.0011","2026-05-18T20:00","28.5","79","0.00","16.9","248","1003.5","8","48.4","21.0","213.0","12.6","4.9","46.0","73"
"Karachi","24.8607","67.0011","2026-05-18T21:00","28.5","79","0.00","17.9","252","1003.9","23","43.8","18.7","203.0","12.9","5.0","44.0","73"
"Karachi","24.8607","67.0011","2026-05-18T22:00","28.5","80","0.00","17.0","254","1004.2","30","41.4","17.8","191.0","12.4","5.0","45.0","73"
"Karachi","24.8607","67.0011","2026-05-18T23:00","28.5","80","0.00","16.4","255","1003.9","24","40.9","17.4","179.0","11.4","4.9","46.0","72"
"Karachi","24.8607","67.0011","2026-05-19T00:00","28.4","81","0.00","17.3","259","1003.9","27","40.0","16.8","164.0","9.7","4.6","48.0","72"
"Karachi","24.8607","67.0011","2026-05-19T01:00","28.2","83","0.00","15.1","261","1003.2","31","39.5","16.2","149.0","7.5","4.1","51.0","71"
"Karachi","24.8607","67.0011","2026-05-19T02:00","28.2","82","0.00","15.6","264","1002.9","19","39.6","15.9","139.0","5.8","3.8","53.0","71"
"Karachi","24.8607","67.0011","2026-05-19T03:00","28.2","81","0.00","15.9","260","1002.6","38","39.9","15.8","134.0","5.0","3.7","54.0","71"
"Karachi","24.8607","67.0011","2026-05-19T04:00","28.2","82","0.00","16.6","261","1002.6","25","40.0","15.7","134.0","4.6","3.8","54.0","70"
"Karachi","24.8607","67.0011","2026-05-19T05:00","28.3","82","0.00","16.8","264","1002.7","31","39.6","16.1","144.0","4.5","3.7","57.0","70"
"Karachi","24.8607","67.0011","2026-05-19T06:00","28.3","82","0.00","17.2","264","1003.1","32","39.8","16.2","173.0","5.2","3.9","58.0","70"
"Karachi","24.8607","67.0011","2026-05-19T07:00","29.0","79","0.00","19.7","265","1003.8","30","48.5","19.3","211.0","6.2","4.2","59.0","69"
"Karachi","24.8607","67.0011","2026-05-19T08:00","30.0","72","0.00","21.3","268","1004.2","38","60.5","22.2","235.0","6.6","4.5","62.0","69"
"Karachi","24.8607","67.0011","2026-05-19T09:00","31.0","67","0.00","21.2","269","1004.7","20","65.4","23.5","229.0","5.8","4.7","70.0","69"
"Karachi","24.8607","67.0011","2026-05-19T10:00","31.9","66","0.00","20.2","266","1004.9","2","63.8","23.1","207.0","4.5","4.8","80.0","69"
"Karachi","24.8607","67.0011","2026-05-19T11:00","32.8","63","0.00","19.6","259","1005.0","0","67.5","23.7","192.0","3.5","4.9","87.0","69"
"Karachi","24.8607","67.0011","2026-05-19T12:00","33.0","63","0.00","19.5","253","1004.6","0","70.8","24.4","190.0","3.1","4.8","90.0","69"
"Karachi","24.8607","67.0011","2026-05-19T13:00","33.1","63","0.00","19.6","248","1003.9","0","71.0","24.8","194.0","3.0","4.7","91.0","68"
"Karachi","24.8607","67.0011","2026-05-19T14:00","32.9","65","0.00","19.2","243","1003.3","1","67.8","24.5","204.0","3.3","4.6","89.0","68"
"Karachi","24.8607","67.0011","2026-05-19T15:00","32.5","67","0.00","18.6","239","1002.8","1","64.7","24.1","224.0","4.1","4.6","84.0","68"
"Karachi","24.8607","67.0011","2026-05-19T16:00","31.9","71","0.00","17.7","237","1002.2","0","59.5","23.1","249.0","5.2","4.6","76.0","68"
"Karachi","24.8607","67.0011","2026-05-19T17:00","31.5","70","0.00","17.1","236","1002.1","0","58.7","22.8","264.0","6.8","4.7","70.0","68"
"Karachi","24.8607","67.0011","2026-05-19T18:00","30.4","76","0.00","16.1","233","1002.2","0","49.8","21.4","259.0","9.1","4.9","62.0","68"
"Karachi","24.8607","67.0011","2026-05-19T19:00","29.5","82","0.00","14.7","235","1002.3","0","42.7","20.4","245.0","12.2","5.2","52.0","68"
"Karachi","24.8607","67.0011","2026-05-19T20:00","29.0","86","0.00","12.6","245","1002.8","2","34.3","16.6","231.0","14.4","5.4","44.0","67"
"Karachi","24.8607","67.0011","2026-05-19T21:00","28.9","87","0.00","10.1","254","1003.3","5","31.4","16.2","225.0","15.1","5.5","41.0","67"
"Karachi","24.8607","67.0011","2026-05-19T22:00","28.6","87","0.00","9.9","266","1004.0","13","31.9","16.4","220.0","14.8","5.6","42.0","67"
"Karachi","24.8607","67.0011","2026-05-19T23:00","28.9","87","0.00","10.7","258","1004.0","6","33.2","16.8","210.0","13.9","5.5","43.0","67"
"Karachi","24.8607","67.0011","2026-05-20T00:00","28.5","90","0.00","11.2","258","1003.8","16","34.0","16.8","190.0","12.0","5.1","45.0","67"
"Karachi","24.8607","67.0011","2026-05-20T01:00","28.2","91","0.00","11.8","261","1003.3","19","34.0","16.4","166.0","9.5","4.6","49.0","67"
"Karachi","24.8607","67.0011","2026-05-20T02:00","28.0","92","0.00","12.1","269","1003.1","16","34.2","16.2","149.0","7.5","4.3","52.0","67"
"Karachi","24.8607","67.0011","2026-05-20T03:00","27.8","93","0.00","11.3","270","1002.9","23","36.0","16.5","141.0","6.5","4.2","54.0","67"
"Karachi","24.8607","67.0011","2026-05-20T04:00","27.6","93","0.00","12.1","266","1003.0","13","38.4","16.9","139.0","6.0","4.3","56.0","67"
"Karachi","24.8607","67.0011","2026-05-20T05:00","27.9","90","0.00","13.0","256","1003.2","18","37.3","16.7","152.0","5.9","4.4","58.0","67"
"Karachi","24.8607","67.0011","2026-05-20T06:00","27.8","89","0.00","14.0","254","1003.7","17","38.1","17.1","193.0","6.8","4.7","61.0","67"
"Karachi","24.8607","67.0011","2026-05-20T07:00","28.5","82","0.00","16.0","255","1004.5","11","48.0","19.3","249.0","8.0","5.1","65.0","67"
"Karachi","24.8607","67.0011","2026-05-20T08:00","29.5","75","0.00","15.4","249","1004.9","4","56.2","22.5","282.0","8.5","5.5","72.0","67"
"Karachi","24.8607","67.0011","2026-05-20T09:00","30.4","70","0.00","15.8","244","1005.3","9","61.7","23.9","271.0","7.5","5.8","85.0","67"
"Karachi","24.8607","67.0011","2026-05-20T10:00","31.2","67","0.00","16.4","243","1005.5","10","68.0","25.4","237.0","5.7","5.9","101.0","67"
"Karachi","24.8607","67.0011","2026-05-20T11:00","32.5","63","0.00","17.0","246","1005.3","1","73.3","26.7","212.0","4.3","6.0","113.0","67"
"Karachi","24.8607","67.0011","2026-05-20T12:00","33.0","58","0.00","17.1","245","1005.0","0","76.1","27.1","207.0","3.8","5.9","117.0","68"
"Karachi","24.8607","67.0011","2026-05-20T13:00","33.2","56","0.00","17.4","243","1004.4","2","78.0","27.4","211.0","3.6","5.6","117.0","68"
"Karachi","24.8607","67.0011","2026-05-20T14:00","33.2","57","0.00","17.0","243","1003.8","2","76.8","27.4","220.0","4.0","5.4","114.0","68"
"Karachi","24.8607","67.0011","2026-05-20T15:00","32.8","59","0.00","16.7","244","1003.2","4","77.3","27.8","237.0","4.8","5.4","108.0","68"
"Karachi","24.8607","67.0011","2026-05-20T16:00","32.1","64","0.00","16.9","248","1002.6","8","75.9","28.0","259.0","6.1","5.4","100.0","69"
"Karachi","24.8607","67.0011","2026-05-20T17:00","31.6","63","0.00","15.8","253","1002.5","0","92.2","32.4","276.0","8.0","5.2","92.0","69"
"Karachi","24.8607","67.0011","2026-05-20T18:00","30.4","71","0.00","14.6","252","1002.3","9","83.6","31.2","286.0","11.2","5.5","81.0","70"
"Karachi","24.8607","67.0011","2026-05-20T19:00","29.4","78","0.00","12.5","250","1002.6","0","74.5","30.5","292.0","15.6","6.0","67.0","71"
"Karachi","24.8607","67.0011","2026-05-20T20:00","28.9","83","0.00","11.8","245","1003.0","0","61.2","27.5","287.0","18.3","6.2","56.0","72"
"Karachi","24.8607","67.0011","2026-05-20T21:00","28.6","85","0.00","12.0","244","1003.5","1","55.4","26.0","266.0","18.0","6.1","53.0","73"
"Karachi","24.8607","67.0011","2026-05-20T22:00","28.5","86","0.00","13.2","244","1004.1","16","53.7","24.9","236.0","16.1","5.8","54.0","73"
"Karachi","24.8607","67.0011","2026-05-20T23:00","28.8","85","0.00","16.3","256","1004.1","26","52.0","23.8","208.0","13.9","5.5","55.0","74"
"Karachi","24.8607","67.0011","2026-05-21T00:00","28.7","84","0.00","15.3","251","1003.9","23","52.7","23.1","185.0","11.5","5.0","56.0","75"
"Karachi","24.8607","67.0011","2026-05-21T01:00","28.3","88","0.00","14.0","248","1003.5","24","53.6","22.5","165.0","8.7","4.5","59.0","75"
"Karachi","24.8607","67.0011","2026-05-21T02:00","28.2","88","0.00","14.2","252","1003.2","21","54.5","22.4","152.0","6.7","4.2","60.0","76"
"Karachi","24.8607","67.0011","2026-05-21T03:00","28.1","86","0.00","14.1","256","1003.1","41","55.8","22.5","145.0","5.9","4.2","60.0","77"
"Karachi","24.8607","67.0011","2026-05-21T04:00","28.2","83","0.00","13.7","261","1003.2","56","57.2","22.8","145.0","5.8","4.4","59.0","77"
"Karachi","24.8607","67.0011","2026-05-21T05:00","28.3","84","0.00","12.5","262","1003.2","26","61.0","23.8","157.0","6.0","4.6","62.0","78"
"Karachi","24.8607","67.0011","2026-05-21T06:00","28.1","84","0.00","12.1","263","1003.8","23","63.6","24.7","195.0","6.9","5.0","64.0","78"
"Karachi","24.8607","67.0011","2026-05-21T07:00","28.7","80","0.00","13.6","262","1004.4","20","80.8","28.2","245.0","8.1","5.5","66.0","79"
"Karachi","24.8607","67.0011","2026-05-21T08:00","29.8","74","0.00","14.9","257","1005.0","13","100.8","33.1","275.0","8.5","5.8","71.0","80"
"Karachi","24.8607","67.0011","2026-05-21T09:00","30.9","67","0.00","15.5","252","1005.2","15","111.3","36.1","264.0","7.3","5.8","80.0","81"
"Karachi","24.8607","67.0011","2026-05-21T10:00","31.5","65","0.00","15.9","243","1005.4","21","105.7","34.6","233.0","5.2","5.7","92.0","82"
"Karachi","24.8607","67.0011","2026-05-21T11:00","32.5","62","0.00","15.9","242","1005.4","25","104.1","34.6","209.0","3.7","5.5","100.0","82"
"Karachi","24.8607","67.0011","2026-05-21T12:00","32.5","63","0.00","15.9","236","1005.2","8","103.6","34.1","203.0","3.1","5.4","102.0","83"
"Karachi","24.8607","67.0011","2026-05-21T13:00","32.6","63","0.00","16.6","231","1004.7","12","101.0","33.5","204.0","3.1","5.2","100.0","84"
"Karachi","24.8607","67.0011","2026-05-21T14:00","32.4","64","0.00","16.7","229","1004.1","14","95.5","32.7","210.0","3.4","5.1","96.0","84"
"Karachi","24.8607","67.0011","2026-05-21T15:00","32.1","65","0.00","17.1","228","1003.7","29","91.5","31.9","223.0","4.0","5.0","89.0","85"
"Karachi","24.8607","67.0011","2026-05-21T16:00","31.7","66","0.00","16.1","229","1003.3","26","87.5","31.1","241.0","5.0","4.8","80.0","85"
"Karachi","24.8607","67.0011","2026-05-21T17:00","31.5","66","0.00","15.3","224","1003.3","15","123.4","42.3","252.0","6.6","5.1","77.0","85"
"Karachi","24.8607","67.0011","2026-05-21T18:00","30.5","70","0.00","15.4","223","1003.5","27","122.5","42.6","249.0","8.2","5.2","70.0","86"
"Karachi","24.8607","67.0011","2026-05-21T19:00","29.9","73","0.00","15.0","223","1004.0","24","118.3","42.5","238.0","10.4","5.3","61.0","87"
"Karachi","24.8607","67.0011","2026-05-21T20:00","29.5","75","0.00","14.4","222","1004.5","23","115.3","42.6","228.0","12.3","5.5","54.0","88"
"Karachi","24.8607","67.0011","2026-05-21T21:00","29.2","78","0.00","13.2","225","1005.1","9","102.2","39.2","221.0","13.6","5.7","50.0","90"
"Karachi","24.8607","67.0011","2026-05-21T22:00","29.0","81","0.00","12.7","224","1005.6","14","97.3","38.0","215.0","14.5","6.0","49.0","91"
"Karachi","24.8607","67.0011","2026-05-21T23:00","29.0","81","0.00","13.3","230","1005.7","24","92.7","37.1","206.0","14.6","6.1","48.0","92"
"Karachi","24.8607","67.0011","2026-05-22T00:00","28.7","82","0.00","13.0","233","1005.7","27","90.3","36.4","191.0","13.5","5.9","48.0","93"
"Karachi","24.8607","67.0011","2026-05-22T01:00","28.5","84","0.00","12.2","236","1005.5","19","87.3","35.3","174.0","11.6","5.6","49.0","94"
"Karachi","24.8607","67.0011","2026-05-22T02:00","28.3","85","0.00","11.3","245","1005.2","17","84.8","34.1","162.0","10.1","5.4","49.0","96"
"Karachi","24.8607","67.0011","2026-05-22T03:00","28.0","87","0.00","10.6","259","1005.5","27","83.6","33.3","156.0","9.4","5.5","48.0","97"
"Karachi","24.8607","67.0011","2026-05-22T04:00","27.9","88","0.00","9.7","267","1005.7","15","82.4","32.6","155.0","9.1","5.7","47.0","98"
"Karachi","24.8607","67.0011","2026-05-22T05:00","28.1","86","0.00","9.6","257","1005.7","8","79.9","30.9","169.0","7.6","5.4","52.0","98"
"Karachi","24.8607","67.0011","2026-05-22T06:00","27.9","87","0.00","9.7","255","1006.2","4","79.9","31.0","214.0","8.2","5.8","53.0","99"
"Karachi","24.8607","67.0011","2026-05-22T07:00","28.6","82","0.00","10.2","253","1007.1","9","98.0","34.0","274.0","9.0","6.3","55.0","100"
"Karachi","24.8607","67.0011","2026-05-22T08:00","29.9","75","0.00","10.5","253","1007.7","13","117.6","37.4","310.0","9.1","6.7","60.0","100"
"Karachi","24.8607","67.0011","2026-05-22T09:00","30.9","70","0.00","10.8","249","1008.2","18","130.4","40.2","297.0","7.8","6.8","72.0","101"
"Karachi","24.8607","67.0011","2026-05-22T10:00","31.6","67","0.00","11.8","237","1008.5","20","138.8","42.4","259.0","5.8","6.9","87.0","101"
"Karachi","24.8607","67.0011","2026-05-22T11:00","32.3","63","0.00","11.7","234","1008.5","19","139.7","43.8","231.0","4.3","6.8","98.0","102"
"Karachi","24.8607","67.0011","2026-05-22T12:00","32.7","61","0.00","12.4","227","1008.2","3","143.0","45.1","227.0","3.7","6.6","103.0","103"
"Karachi","24.8607","67.0011","2026-05-22T13:00","33.0","59","0.00","13.2","224","1007.6","0","143.9","45.5","233.0","3.5","6.4","105.0","104"
"Karachi","24.8607","67.0011","2026-05-22T14:00","32.9","60","0.00","14.1","227","1006.9","0","143.9","45.6","242.0","3.8","6.2","103.0","105"
"Karachi","24.8607","67.0011","2026-05-22T15:00","32.3","62","0.00","15.2","227","1006.4","0","141.6","45.4","256.0","4.6","6.1","95.0","107"
"Karachi","24.8607","67.0011","2026-05-22T16:00","31.5","66","0.00","15.6","230","1006.2","0","132.2","43.9","273.0","5.9","5.9","83.0","108"
"Karachi","24.8607","67.0011","2026-05-22T17:00","31.2","70","0.00","13.7","231","1006.1","2","163.0","52.6","279.0","7.5","5.8","74.0","109"
"Karachi","24.8607","67.0011","2026-05-22T18:00","30.1","75","0.00","13.7","231","1006.4","14","156.9","51.2","265.0","8.6","5.6","67.0","110"
"Karachi","24.8607","67.0011","2026-05-22T19:00","29.5","78","0.00","13.1","240","1006.8","27","148.1","49.6","239.0","10.1","5.4","57.0","111"
"Karachi","24.8607","67.0011","2026-05-22T20:00","29.4","79","0.00","14.8","239","1007.3","35","147.6","49.1","217.0","11.0","5.2","50.0","112"
"Karachi","24.8607","67.0011","2026-05-22T21:00","29.2","79","0.00","15.7","238","1007.6","21","151.3","49.1","204.0","10.9","5.1","48.0","113"
"Karachi","24.8607","67.0011","2026-05-22T22:00","29.1","79","0.00","14.5","243","1008.2","34","142.5","48.5","195.0","10.2","5.1","50.0","114"
"Karachi","24.8607","67.0011","2026-05-22T23:00","29.1","80","0.00","14.3","256","1008.3","26","139.2","48.9","185.0","9.4","5.0","51.0","115"
"Karachi","24.8607","67.0011","2026-05-23T00:00","29.0","80","0.00","13.7","265","1008.3","62","137.4","49.0","170.0","8.5","4.9","52.0","116"
"Karachi","24.8607","67.0011","2026-05-23T01:00","28.8","81","0.00","12.8","272","1008.1","28","135.0","49.1","154.0","7.6","4.7","53.0","117"
"Karachi","24.8607","67.0011","2026-05-23T02:00","28.5","83","0.00","11.8","277","1008.0","8","133.6","48.4","143.0","6.8","4.6","54.0","119"
"Karachi","24.8607","67.0011","2026-05-23T03:00","28.4","82","0.00","10.7","275","1007.9","10","127.6","46.9","136.0","6.3","4.7","55.0","120"
"Karachi","24.8607","67.0011","2026-05-23T04:00","28.2","82","0.00","10.0","276","1008.0","18","121.1","44.0","134.0","6.1","4.8","57.0","122"
"Karachi","24.8607","67.0011","2026-05-23T05:00","28.0","82","0.00","10.3","274","1007.8","5","99.0","38.0","149.0","6.2","5.0","61.0","123"
"Karachi","24.8607","67.0011","2026-05-23T06:00","27.6","84","0.00","10.0","277","1008.2","3","90.3","36.2","199.0","7.2","5.4","64.0","124"
"Karachi","24.8607","67.0011","2026-05-23T07:00","28.3","78","0.00","10.3","273","1008.6","0","105.9","38.2","265.0","8.6","5.9","68.0","124"
"Karachi","24.8607","67.0011","2026-05-23T08:00","29.4","73","0.00","9.9","269","1009.1","1","110.8","40.2","305.0","9.1","6.3","75.0","125"
"Karachi","24.8607","67.0011","2026-05-23T09:00","30.6","66","0.00","10.7","261","1009.6","2","109.4","40.4","293.0","7.9","6.5","89.0","125"
"Karachi","24.8607","67.0011","2026-05-23T10:00","31.5","62","0.00","12.0","248","1009.8","2","108.3","40.7","255.0","5.9","6.6","106.0","125"
"Karachi","24.8607","67.0011","2026-05-23T11:00","32.3","60","0.00","12.8","241","1009.5","2","106.6","40.5","226.0","4.3","6.5","118.0","125"
"Karachi","24.8607","67.0011","2026-05-23T12:00","32.5","58","0.00","13.4","234","1009.2","0","102.9","40.0","221.0","3.6","6.2","122.0","124"
"Karachi","24.8607","67.0011","2026-05-23T13:00","32.5","58","0.00","14.4","230","1008.7","0","100.1","39.6","225.0","3.5","5.8","120.0","124"
"Karachi","24.8607","67.0011","2026-05-23T14:00","32.0","62","0.00","15.5","228","1008.2","2","99.0","39.1","231.0","3.7","5.5","115.0","123"
"Karachi","24.8607","67.0011","2026-05-23T15:00","31.5","65","0.00","16.4","228","1007.8","2","99.4","38.8","239.0","4.4","5.2","105.0","123"
"Karachi","24.8607","67.0011","2026-05-23T16:00","31.0","67","0.00","16.7","234","1007.3","9","100.8","39.0","248.0","5.5","5.0","91.0","122"
"Karachi","24.8607","67.0011","2026-05-23T17:00","30.9","67","0.00","15.8","246","1007.1","10","101.0","39.0","253.0","7.1","5.0","84.0","121"
"Karachi","24.8607","67.0011","2026-05-23T18:00","29.9","71","0.00","14.9","251","1006.9","8","102.2","39.5","249.0","8.7","5.1","76.0","120"
"Karachi","24.8607","67.0011","2026-05-23T19:00","29.0","76","0.00","14.0","252","1006.9","9","101.3","39.5","240.0","11.0","5.2","65.0","119"
"Karachi","24.8607","67.0011","2026-05-23T20:00","28.5","78","0.00","13.4","255","1007.2","35","100.4","39.5","229.0","12.8","5.3","57.0","118"
"Karachi","24.8607","67.0011","2026-05-23T21:00","28.6","77","0.00","13.9","251","1007.8","27","92.2","38.6","215.0","13.9","5.4","54.0","117"
"Karachi","24.8607","67.0011","2026-05-23T22:00","28.5","78","0.00","14.3","253","1008.4","27","89.6","38.5","199.0","14.6","5.6","54.0","116"
"Karachi","24.8607","67.0011","2026-05-23T23:00","28.5","79","0.00","14.0","254","1008.3","30","88.0","38.2","183.0","14.1","5.5","55.0","115"
"Karachi","24.8607","67.0011","2026-05-24T00:00","28.2","80","0.00","13.6","255","1008.0","41","85.7","37.3","166.0","11.7","5.0","58.0","113"
"Karachi","24.8607","67.0011","2026-05-24T01:00","28.0","82","0.00","14.3","260","1007.5","23","85.2","36.2","149.0","8.3","4.2","63.0","112"
"Karachi","24.8607","67.0011","2026-05-24T02:00","27.8","82","0.00","14.6","265","1007.1","51","82.4","35.2","137.0","5.6","3.7","67.0","111"
"Karachi","24.8607","67.0011","2026-05-24T03:00","27.8","81","0.00","14.6","269","1006.8","51","82.0","34.6","132.0","4.5","3.6","68.0","109"
"Karachi","24.8607","67.0011","2026-05-24T04:00","27.8","79","0.00","14.2","271","1007.2","50","85.7","35.7","133.0","4.3","3.7","68.0","108"
"Karachi","24.8607","67.0011","2026-05-24T05:00","27.9","81","0.00","14.8","267","1007.5","13","77.8","33.4","140.0","4.2","3.7","72.0","107"
"Karachi","24.8607","67.0011","2026-05-24T06:00","28.0","78","0.00","14.5","265","1008.0","2","81.0","33.9","158.0","4.5","3.9","74.0","107"
"Karachi","24.8607","67.0011","2026-05-24T07:00","28.8","73","0.00","15.6","263","1008.7","6","104.1","39.2","182.0","5.0","4.3","76.0","107"
"Karachi","24.8607","67.0011","2026-05-24T08:00","29.6","70","0.00","17.7","265","1009.2","15","108.7","40.6","195.0","5.0","4.5","79.0","107"
"Karachi","24.8607","67.0011","2026-05-24T09:00","30.6","65","0.00","18.3","264","1009.5","28","109.0","40.7","188.0","4.3","4.6","84.0","107"
"Karachi","24.8607","67.0011","2026-05-24T10:00","31.5","61","0.00","18.8","261","1009.6","30","109.7","40.9","171.0","3.2","4.6","90.0","107"
"Karachi","24.8607","67.0011","2026-05-24T11:00","32.3","60","0.00","19.8","260","1009.5","36","108.7","40.4","158.0","2.4","4.6","94.0","107"
"Karachi","24.8607","67.0011","2026-05-24T12:00","32.7","58","0.00","20.0","257","1009.1","52","108.5","40.2","156.0","2.1","4.5","93.0","107"
"Karachi","24.8607","67.0011","2026-05-24T13:00","32.6","59","0.00","19.2","255","1008.4","7","108.0","39.7","159.0","2.0","4.3","90.0","107"
"Karachi","24.8607","67.0011","2026-05-24T14:00","32.8","59","0.00","18.8","252","1007.6","1","107.1","39.1","164.0","2.2","4.1","86.0","107"
"Karachi","24.8607","67.0011","2026-05-24T15:00","32.5","62","0.00","18.7","248","1006.7","0","102.4","37.6","175.0","2.6","4.1","80.0","107"
"Karachi","24.8607","67.0011","2026-05-24T16:00","31.8","66","0.00","18.6","243","1006.4","0","96.9","35.7","188.0","3.3","4.1","74.0","107"
"Karachi","24.8607","67.0011","2026-05-24T17:00","31.0","67","0.00","18.3","245","1006.3","0","118.5","43.9","195.0","4.3","4.1","68.0","106"
"Karachi","24.8607","67.0011","2026-05-24T18:00","30.0","72","0.00","17.2","242","1006.2","0","110.1","41.4","191.0","5.3","4.2","62.0","107"
"Karachi","24.8607","67.0011","2026-05-24T19:00","29.1","79","0.00","16.4","239","1006.5","6","99.4","39.1","181.0","6.7","4.3","55.0","107"
"Karachi","24.8607","67.0011","2026-05-24T20:00","28.8","81","0.00","17.6","236","1006.8","18","83.4","32.8","171.0","7.7","4.4","49.0","107"
"Karachi","24.8607","67.0011","2026-05-24T21:00","28.8","80","0.00","18.2","242","1007.2","39","70.1","28.6","164.0","7.9","4.4","47.0","106"
"Karachi","24.8607","67.0011","2026-05-24T22:00","28.8","81","0.00","16.9","250","1007.9","23","65.4","27.1","158.0","7.6","4.3","47.0","105"
"Karachi","24.8607","67.0011","2026-05-24T23:00","28.9","79","0.00","17.4","251","1007.9","38","62.4","25.5","151.0","7.1","4.2","48.0","104"
"Karachi","24.8607","67.0011","2026-05-25T00:00","28.7","80","0.00","17.6","256","1007.5","34","59.1","24.0","141.0","6.2","3.9","49.0","103"
"Karachi","24.8607","67.0011","2026-05-25T01:00","28.8","78","0.00","17.4","260","1006.9","29","58.2","23.3","131.0","5.1","3.6","50.0","101"
"Karachi","24.8607","67.0011","2026-05-25T02:00","28.5","81","0.00","17.6","264","1006.6","20","58.8","23.3","125.0","4.3","3.3","51.0","100"
"Karachi","24.8607","67.0011","2026-05-25T03:00","28.4","82","0.00","17.7","268","1006.2","34","58.3","23.4","121.0","3.9","3.2","52.0","99"
"Karachi","24.8607","67.0011","2026-05-25T04:00","28.4","81","0.00","17.1","269","1006.0","27","57.9","23.6","122.0","3.7","3.3","53.0","98"
"Karachi","24.8607","67.0011","2026-05-25T05:00","28.0","87","0.00","16.2","266","1006.2","28","61.9","24.9","134.0","3.8","3.3","54.0","97"
"Karachi","24.8607","67.0011","2026-05-25T06:00","28.1","87","0.00","15.8","269","1006.2","46","58.9","24.6","171.0","4.8","3.7","55.0","96"
"Karachi","24.8607","67.0011","2026-05-25T07:00","29.0","82","0.00","17.6","271","1006.8","32","69.8","27.0","220.0","6.1","4.2","58.0","95"
"Karachi","24.8607","67.0011","2026-05-25T08:00","30.2","74","0.00","18.0","269","1007.2","53","95.5","34.6","250.0","6.8","4.7","62.0","94"
"Karachi","24.8607","67.0011","2026-05-25T09:00","31.2","69","0.00","18.4","267","1007.6","100","99.0","34.8","243.0","6.1","5.0","70.0","94"
"Karachi","24.8607","67.0011","2026-05-25T10:00","32.0","66","0.00","17.3","262","1007.8","94","103.6","35.9","216.0","4.7","5.2","80.0","93"
"Karachi","24.8607","67.0011","2026-05-25T11:00","32.3","66","0.00","18.0","256","1007.6","94","105.2","36.4","196.0","3.6","5.3","87.0","93"
"Karachi","24.8607","67.0011","2026-05-25T12:00","32.6","65","0.00","19.0","255","1007.3","91","102.0","36.1","189.0","3.1","5.2","89.0","92"
"Karachi","24.8607","67.0011","2026-05-25T13:00","32.9","64","0.00","20.3","253","1006.5","73","90.3","33.5","189.0","2.9","4.9","89.0","92"
"Karachi","24.8607","67.0011","2026-05-25T14:00","32.9","65","0.00","20.2","251","1005.7","32","83.4","31.5","195.0","3.2","4.7","86.0","92"
"Karachi","24.8607","67.0011","2026-05-25T15:00","32.3","68","0.00","19.8","249","1004.9","13","79.9","30.3","213.0","4.0","4.6","81.0","91"
"Karachi","24.8607","67.0011","2026-05-25T16:00","31.8","72","0.00","18.6","244","1004.3","5","74.0","28.6","238.0","5.3","4.6","73.0","90"
"Karachi","24.8607","67.0011","2026-05-25T17:00","31.5","72","0.00","16.9","248","1004.0","2","80.3","31.0","255.0","6.9","4.9","69.0","90"
"Karachi","24.8607","67.0011","2026-05-25T18:00","30.5","78","0.00","13.9","246","1004.0","5","66.6","27.8","257.0","9.0","5.0","62.0","88"
"Karachi","24.8607","67.0011","2026-05-25T19:00","29.6","83","0.00","13.0","251","1004.4","13","50.3","22.6","250.0","11.8","5.2","52.0","87"
"Karachi","24.8607","67.0011","2026-05-25T20:00","29.4","84","0.00","12.7","252","1004.8","36","42.4","19.7","239.0","14.3","5.5","44.0","86"
"Karachi","24.8607","67.0011","2026-05-25T21:00","29.2","85","0.00","11.3","239","1005.1","34","39.9","19.4","225.0","16.2","5.9","40.0","85"
"Karachi","24.8607","67.0011","2026-05-25T22:00","29.0","87","0.00","10.2","236","1005.5","30","38.1","19.1","207.0","17.7","6.4","38.0","84"
"Karachi","24.8607","67.0011","2026-05-25T23:00","29.2","87","0.00","10.3","241","1005.7","16","37.7","19.4","189.0","17.8","6.6","38.0","83"
"Karachi","24.8607","67.0011","2026-05-26T00:00","28.8","90","0.00","10.5","229","1005.4","17","37.5","19.0","172.0","15.7","6.2","40.0","83"
"Karachi","24.8607","67.0011","2026-05-26T01:00","28.5","92","0.00","10.6","227","1005.2","8","36.6","17.9","155.0","12.3","5.4","44.0","82"
"Karachi","24.8607","67.0011","2026-05-26T02:00","28.3","93","0.00","12.7","224","1004.7","11","34.9","16.7","143.0","9.4","4.8","47.0","82"
"Karachi","24.8607","67.0011","2026-05-26T03:00","28.1","93","0.00","13.3","222","1004.4","13","35.3","16.1","134.0","7.5","4.5","49.0","81"
"Karachi","24.8607","67.0011","2026-05-26T04:00","28.1","93","0.00","13.5","223","1004.4","18","36.2","15.9","131.0","6.2","4.4","51.0","80"
"Karachi","24.8607","67.0011","2026-05-26T05:00","28.1","93","0.00","13.2","233","1004.6","20","33.2","15.4","144.0","6.0","4.3","52.0","80"
"Karachi","24.8607","67.0011","2026-05-26T06:00","28.0","94","0.00","12.7","235","1004.9","23","34.1","15.8","192.0","7.0","4.7","53.0","79"
"Karachi","24.8607","67.0011","2026-05-26T07:00","28.8","88","0.00","13.3","243","1005.6","25","41.8","18.2","256.0","8.3","5.3","54.0","78"
"Karachi","24.8607","67.0011","2026-05-26T08:00","30.0","80","0.00","12.0","246","1006.1","16","57.9","23.5","296.0","8.8","5.8","60.0","77"
"Karachi","24.8607","67.0011","2026-05-26T09:00","31.1","75","0.00","11.4","239","1006.3","14","62.9","25.8","287.0","7.7","6.0","73.0","76"
"Karachi","24.8607","67.0011","2026-05-26T10:00","32.2","71","0.00","11.3","236","1006.6","6","71.7","28.7","252.0","5.8","6.1","90.0","75"
"Karachi","24.8607","67.0011","2026-05-26T11:00","33.2","66","0.00","13.5","237","1006.5","4","77.1","30.5","226.0","4.4","6.1","103.0","75"
"Karachi","24.8607","67.0011","2026-05-26T12:00","33.7","63","0.00","14.5","239","1006.2","0","80.6","31.3","218.0","3.8","6.0","108.0","74"
"Karachi","24.8607","67.0011","2026-05-26T13:00","33.8","63","0.00","15.7","236","1005.7","0","77.8","30.7","218.0","3.7","5.7","108.0","74"
"Karachi","24.8607","67.0011","2026-05-26T14:00","33.8","63","0.00","16.2","238","1005.0","0","73.3","29.3","226.0","4.0","5.5","105.0","74"
"Karachi","24.8607","67.0011","2026-05-26T15:00","33.5","63","0.00","15.9","242","1004.2","0","65.9","27.2","248.0","4.7","5.3","98.0","73"
"Karachi","24.8607","67.0011","2026-05-26T16:00","33.1","65","0.00","15.1","245","1004.0","0","55.9","24.4","279.0","5.9","5.2","87.0","73"
"Karachi","24.8607","67.0011","2026-05-26T17:00","32.8","67","0.00","13.4","242","1004.0","0","47.1","21.5","299.0","8.0","5.5","80.0","73"
"Karachi","24.8607","67.0011","2026-05-26T18:00","31.3","74","0.00","12.2","237","1003.9","2","38.2","18.8","299.0","10.8","5.8","70.0","72"
"Karachi","24.8607","67.0011","2026-05-26T19:00","30.0","81","0.00","12.0","229","1004.4","5","30.3","17.2","288.0","14.7","6.2","56.0","71"
"Karachi","24.8607","67.0011","2026-05-26T20:00","29.5","84","0.00","10.8","223","1004.8","1","24.1","14.8","277.0","17.5","6.5","45.0","71"
"Karachi","24.8607","67.0011","2026-05-26T21:00","29.1","87","0.00","10.2","217","1005.3","1","24.2","15.0","272.0","18.3","6.7","41.0","70"
"Karachi","24.8607","67.0011","2026-05-26T22:00","29.0","88","0.00","9.4","212","1006.0","0","27.2","16.3","267.0","18.0","6.7","41.0","70"
"Karachi","24.8607","67.0011","2026-05-26T23:00","28.9","90","0.00","8.0","234","1006.4","0","30.3","17.3","254.0","17.2","6.7","41.0","70"
"Karachi","24.8607","67.0011","2026-05-27T00:00","28.5","92","0.00","6.6","235","1006.3","1","31.7","17.6","223.0","15.9","6.6","40.0","69"
"Karachi","24.8607","67.0011","2026-05-27T01:00","28.2","93","0.00","6.9","239","1006.1","2","32.5","17.4","184.0","14.1","6.3","40.0","69"
"Karachi","24.8607","67.0011","2026-05-27T02:00","28.0","94","0.00","9.2","237","1005.8","2","31.5","16.8","155.0","12.3","6.1","41.0","69"
"Karachi","24.8607","67.0011","2026-05-27T03:00","27.9","94","0.00","10.6","231","1005.6","15","30.7","16.1","140.0","10.5","5.8","42.0","69"
"Karachi","24.8607","67.0011","2026-05-27T04:00","27.9","93","0.00","12.4","231","1005.7","23","32.2","15.8","135.0","8.8","5.5","45.0","69"
"Karachi","24.8607","67.0011","2026-05-27T05:00","28.2","92","0.00","13.8","233","1005.8","30","32.0","15.4","148.0","7.4","5.4","48.0","69"
"Karachi","24.8607","67.0011","2026-05-27T06:00","28.1","92","0.00","13.9","236","1006.1","33","33.1","15.7","194.0","8.2","5.6","49.0","69"
"Karachi","24.8607","67.0011","2026-05-27T07:00","28.9","87","0.00","13.6","244","1006.9","27","38.8","17.6","258.0","9.2","6.0","51.0","69"
"Karachi","24.8607","67.0011","2026-05-27T08:00","30.0","79","0.00","14.0","252","1007.5","20","48.3","20.5","296.0","9.5","6.2","56.0","69"
"Karachi","24.8607","67.0011","2026-05-27T09:00","31.1","73","0.00","14.3","255","1007.9","26","51.6","22.6","283.0","8.2","6.2","68.0","69"
"Karachi","24.8607","67.0011","2026-05-27T10:00","32.1","69","0.00","13.9","249","1007.9","8","53.1","23.9","244.0","6.1","6.1","84.0","69"
"Karachi","24.8607","67.0011","2026-05-27T11:00","33.0","64","0.00","14.8","248","1007.8","1","52.5","24.6","214.0","4.5","5.9","96.0","68"
"Karachi","24.8607","67.0011","2026-05-27T12:00","33.3","64","0.00","15.8","244","1007.3","0","50.6","24.7","206.0","3.8","5.7","102.0","68"
"Karachi","24.8607","67.0011","2026-05-27T13:00","33.3","65","0.00","16.2","240","1006.7","1","48.8","24.6","208.0","3.7","5.5","103.0","67"
"Karachi","24.8607","67.0011","2026-05-27T14:00","33.2","66","0.00","16.7","237","1006.0","0","48.1","24.5","217.0","4.0","5.3","101.0","67"
"Karachi","24.8607","67.0011","2026-05-27T15:00","32.8","68","0.00","16.7","237","1005.5","0","47.4","24.0","236.0","4.7","5.2","93.0","66"
"Karachi","24.8607","67.0011","2026-05-27T16:00","32.3","71","0.00","16.2","240","1005.2","0","46.9","23.2","263.0","6.0","5.2","82.0","66"
"Karachi","24.8607","67.0011","2026-05-27T17:00","32.2","69","0.00","15.3","240","1004.8","0","59.5","27.8","284.0","8.1","5.3","75.0","66"
"Karachi","24.8607","67.0011","2026-05-27T18:00","31.2","74","0.00","13.5","240","1004.9","0","58.3","27.1","299.0","11.4","5.7","65.0","66"
"Karachi","24.8607","67.0011","2026-05-27T19:00","30.0","81","0.00","11.8","232","1005.2","0","54.6","26.4","309.0","15.9","6.1","50.0","67"
"Karachi","24.8607","67.0011","2026-05-27T20:00","29.5","87","0.00","11.6","222","1005.4","0","43.3","22.2","306.0","18.8","6.4","40.0","68"
"Karachi","24.8607","67.0011","2026-05-27T21:00","29.1","89","0.00","12.3","218","1005.6","2","39.2","20.7","281.0","18.6","6.3","38.0","69"
"Karachi","24.8607","67.0011","2026-05-27T22:00","28.9","91","0.00","14.0","218","1006.2","13","37.5","20.1","243.0","16.7","6.1","40.0","69"
"Karachi","24.8607","67.0011","2026-05-27T23:00","29.1","89","0.00","12.9","242","1006.7","16","37.4","19.8","207.0","14.5","5.7","43.0","69"
"Karachi","24.8607","67.0011","2026-05-28T00:00","28.9","91","0.00","13.4","243","1006.6","17","36.3","19.2","178.0","12.2","5.2","45.0","70"
"Karachi","24.8607","67.0011","2026-05-28T01:00","28.6","92","0.00","14.3","239","1006.1","15","35.2","18.5","152.0","9.6","4.7","47.0","70"
"Karachi","24.8607","67.0011","2026-05-28T02:00","28.4","93","0.00","14.0","254","1005.9","33","34.3","17.8","134.0","7.5","4.3","48.0","70"
"Karachi","24.8607","67.0011","2026-05-28T03:00","28.4","92","0.00","14.7","252","1005.5","20","33.6","17.2","124.0","6.3","4.1","48.0","70"
"Karachi","24.8607","67.0011","2026-05-28T04:00","28.3","92","0.00","15.0","249","1005.1","15","32.8","17.0","123.0","5.7","4.1","49.0","70"
"Karachi","24.8607","67.0011","2026-05-28T05:00","28.4","91","0.00","15.5","257","1005.2","23","33.3","16.9","135.0","5.4","4.1","51.0","70"
"Karachi","24.8607","67.0011","2026-05-28T06:00","28.2","92","0.00","14.7","262","1005.7","38","32.4","16.9","174.0","6.6","4.5","51.0","70"
"Karachi","24.8607","67.0011","2026-05-28T07:00","29.1","86","0.00","15.9","267","1006.3","27","35.9","18.6","227.0","8.2","5.2","51.0","70"
"Karachi","24.8607","67.0011","2026-05-28T08:00","30.2","79","0.00","17.1","270","1006.5","18","43.5","21.6","260.0","8.9","5.6","54.0","70"
"Karachi","24.8607","67.0011","2026-05-28T09:00","31.4","72","0.00","17.1","266","1006.8","35","47.0","23.3","252.0","7.8","5.7","65.0","71"
"Karachi","24.8607","67.0011","2026-05-28T10:00","32.2","69","0.00","16.9","258","1006.9","49","48.5","24.3","223.0","5.8","5.7","79.0","71"
"Karachi","24.8607","67.0011","2026-05-28T11:00","33.2","65","0.00","16.7","256","1006.9","13","48.5","24.8","201.0","4.3","5.6","89.0","71"
"Karachi","24.8607","67.0011","2026-05-28T12:00","33.4","65","0.00","16.4","251","1006.5","21","47.5","24.7","196.0","3.7","5.4","93.0","71"
"Karachi","24.8607","67.0011","2026-05-28T13:00","33.6","64","0.00","16.1","246","1005.9","38","46.9","24.5","199.0","3.4","5.0","94.0","71"
"Karachi","24.8607","67.0011","2026-05-28T14:00","33.3","67","0.00","17.5","241","1005.1","19","47.8","24.7","208.0","3.7","4.8","91.0","71"
"Karachi","24.8607","67.0011","2026-05-28T15:00","32.8","72","0.00","17.8","237","1004.4","18","46.3","24.0","227.0","4.4","4.7","85.0","71"
"Karachi","24.8607","67.0011","2026-05-28T16:00","32.2","74","0.00","18.0","235","1003.8","13","46.4","23.3","252.0","5.6","4.7","75.0","71"
"Karachi","24.8607","67.0011","2026-05-28T17:00","32.0","74","0.00","16.8","233","1003.6","13","75.7","35.3","268.0","7.2","4.7","67.0","71"
"Karachi","24.8607","67.0011","2026-05-28T18:00","30.9","79","0.00","15.7","230","1003.5","9","68.2","33.2","266.0","9.6","4.8","60.0","71"
"Karachi","24.8607","67.0011","2026-05-28T19:00","30.0","84","0.00","15.1","221","1003.8","2","55.5","27.5","254.0","12.9","5.1","51.0","72"
"Karachi","24.8607","67.0011","2026-05-28T20:00","29.6","88","0.00","13.8","227","1004.3","9","46.0","24.2","241.0","15.3","5.3","44.0","72"
"Karachi","24.8607","67.0011","2026-05-28T21:00","29.5","89","0.00","12.6","236","1005.0","24","43.5","23.2","232.0","16.2","5.6","41.0","72"
"Karachi","24.8607","67.0011","2026-05-28T22:00","29.2","90","0.00","11.9","240","1005.4","5","42.8","23.1","223.0","16.3","6.0","41.0","72"
"Karachi","24.8607","67.0011","2026-05-28T23:00","29.4","90","0.00","13.3","245","1005.2","2","41.2","22.6","209.0","15.5","6.1","41.0","73"
"Karachi","24.8607","67.0011","2026-05-29T00:00","29.0","92","0.00","14.4","247","1004.7","14","38.8","21.4","184.0","13.4","5.7","43.0","73"
"Karachi","24.8607","67.0011","2026-05-29T01:00","28.9","92","0.00","13.2","248","1004.3","7","36.4","19.8","155.0","10.4","5.0","45.0","73"
"Karachi","24.8607","67.0011","2026-05-29T02:00","28.8","91","0.00","13.1","257","1004.2","6","33.4","18.1","134.0","7.9","4.5","48.0","73"
"Karachi","24.8607","67.0011","2026-05-29T03:00","28.7","91","0.00","12.4","251","1004.3","16","31.5","16.9","124.0","6.4","4.2","50.0","73"
"Karachi","24.8607","67.0011","2026-05-29T04:00","28.6","91","0.00","15.1","242","1003.9","8","30.7","16.2","124.0","5.3","4.1","51.0","73"
"Karachi","24.8607","67.0011","2026-05-29T05:00","28.8","92","0.00","15.5","247","1003.9","11","30.9","16.2","137.0","5.0","3.9","53.0","73"
"Karachi","24.8607","67.0011","2026-05-29T06:00","28.8","91","0.00","13.8","250","1004.4","2","31.0","16.2","178.0","6.1","4.3","53.0","73"
"Karachi","24.8607","67.0011","2026-05-29T07:00","29.5","87","0.00","13.8","246","1004.8","5","34.8","17.8","234.0","7.5","4.8","53.0","73"
"Karachi","24.8607","67.0011","2026-05-29T08:00","30.6","79","0.00","16.2","256","1005.1","29","43.7","21.5","268.0","8.1","5.2","57.0","73"
"Karachi","24.8607","67.0011","2026-05-29T09:00","31.9","72","0.00","15.9","256","1005.3","79","49.4","24.4","260.0","7.3","5.5","69.0","73"
"Karachi","24.8607","67.0011","2026-05-29T10:00","32.6","70","0.00","16.0","251","1005.1","38","53.7","26.7","232.0","5.6","5.7","84.0","73"
"Karachi","24.8607","67.0011","2026-05-29T11:00","33.5","66","0.00","16.4","255","1005.0","19","57.7","28.2","211.0","4.4","5.7","95.0","73"
"Karachi","24.8607","67.0011","2026-05-29T12:00","34.0","64","0.00","17.3","255","1004.4","2","60.5","28.9","208.0","3.8","5.5","99.0","74"
"Karachi","24.8607","67.0011","2026-05-29T13:00","34.5","63","0.00","17.5","256","1003.7","0","62.6","29.2","212.0","3.6","5.2","98.0","74"
"Karachi","24.8607","67.0011","2026-05-29T14:00","34.3","63","0.00","17.2","250","1002.9","0","62.9","28.7","221.0","3.9","4.9","95.0","74"
"Karachi","24.8607","67.0011","2026-05-29T15:00","34.0","65","0.00","17.1","249","1002.2","0","62.9","27.9","238.0","4.7","4.8","88.0","75"
"Karachi","24.8607","67.0011","2026-05-29T16:00","33.0","70","0.00","17.3","239","1001.5","4","58.4","26.4","260.0","6.0","4.7","78.0","75"
"Karachi","24.8607","67.0011","2026-05-29T17:00","32.2","72","0.00","17.3","231","1001.2","2","78.2","33.3","277.0","8.0","4.6","75.0","75"
"Karachi","24.8607","67.0011","2026-05-29T18:00","31.3","75","0.00","16.4","241","1001.3","6","62.2","28.9","287.0","10.5","4.9","66.0","75"
"Karachi","24.8607","67.0011","2026-05-29T19:00","30.3","80","0.00","15.9","242","1001.6","1","44.0","23.3","293.0","13.9","5.2","54.0","75"
"Karachi","24.8607","67.0011","2026-05-29T20:00","30.0","83","0.00","13.6","244","1002.0","1","34.1","19.6","290.0","16.0","5.4","45.0","74"
"Karachi","24.8607","67.0011","2026-05-29T21:00","29.8","85","0.00","12.1","233","1002.2","0","31.1","18.4","277.0","15.6","5.3","43.0","74"
"Karachi","24.8607","67.0011","2026-05-29T22:00","29.5","85","0.00","12.2","239","1002.7","0","30.4","18.1","257.0","13.8","5.0","45.0","74"
"Karachi","24.8607","67.0011","2026-05-29T23:00","29.4","87","0.00","11.8","244","1002.4","0","30.2","17.7","232.0","11.8","4.7","47.0","73"
"Karachi","24.8607","67.0011","2026-05-30T00:00","29.1","88","0.00","12.5","252","1002.2","0","30.0","17.3","200.0","9.8","4.3","50.0","73"
"Karachi","24.8607","67.0011","2026-05-30T01:00","29.0","86","0.00","14.4","252","1001.8","0","30.2","16.7","163.0","7.7","3.9","53.0","72"
"Karachi","24.8607","67.0011","2026-05-30T02:00","28.9","87","0.00","14.1","251","1001.5","0","31.1","16.4","138.0","6.0","3.6","55.0","72"
"Karachi","24.8607","67.0011","2026-05-30T03:00","28.7","88","0.00","14.8","249","1001.2","0","31.3","16.2","126.0","5.0","3.5","56.0","72"
"Karachi","24.8607","67.0011","2026-05-30T04:00","28.7","88","0.00","13.5","247","1001.1","0","31.0","16.0","125.0","4.5","3.5","55.0","72"
"Karachi","24.8607","67.0011","2026-05-30T05:00","28.9","89","0.00","13.2","242","1000.9","0","32.5","16.3","142.0","4.8","3.7","58.0","72"
"Karachi","24.8607","67.0011","2026-05-30T06:00","28.9","90","0.00","14.5","235","1001.2","0","31.9","16.5","193.0","6.7","4.2","58.0","72"
"Karachi","24.8607","67.0011","2026-05-30T07:00","29.7","86","0.00","14.4","239","1001.8","0","33.2","17.6","262.0","9.2","5.0","58.0","72"
"Karachi","24.8607","67.0011","2026-05-30T08:00","30.8","80","0.00","14.8","244","1002.2","0","45.4","22.9","302.0","10.4","5.5","62.0","72"
"Karachi","24.8607","67.0011","2026-05-30T09:00","31.9","75","0.00","14.4","246","1002.5","4","54.0","26.0","287.0","9.2","5.7","75.0","72"
"Karachi","24.8607","67.0011","2026-05-30T10:00","32.8","70","0.00","15.7","240","1002.5","0","62.4","28.2","243.0","6.7","5.6","92.0","72"
"Karachi","24.8607","67.0011","2026-05-30T11:00","33.6","70","0.00","18.5","234","1002.6","0","69.4","29.4","210.0","4.8","5.5","104.0","72"
"Karachi","24.8607","67.0011","2026-05-30T12:00","34.2","65","0.00","17.9","238","1002.2","0","72.4","29.2","201.0","4.0","5.3","107.0","72"
"Karachi","24.8607","67.0011","2026-05-30T13:00","35.0","61","0.00","15.9","245","1001.9","0","75.4","28.8","203.0","3.8","4.9","104.0","72"
"Karachi","24.8607","67.0011","2026-05-30T14:00","35.0","59","0.00","15.8","244","1001.3","0","70.8","27.2","212.0","4.0","4.7","99.0","72"
"Karachi","24.8607","67.0011","2026-05-30T15:00","34.5","62","0.00","15.7","238","1000.5","0","59.8","25.1","234.0","4.8","4.6","91.0","72"
"Karachi","24.8607","67.0011","2026-05-30T16:00","33.7","65","0.00","15.4","234","1000.2","5","54.4","24.0","263.0","6.0","4.6","81.0","72"
"Karachi","24.8607","67.0011","2026-05-30T17:00","33.0","70","0.00","14.8","217","1000.2","13","54.1","23.4","283.0","7.9","4.6","76.0","72"
"Karachi","24.8607","67.0011","2026-05-30T18:00","31.4","78","0.00","15.6","202","1000.1","1","41.0","21.8","286.0","10.3","4.9","67.0","71"
"Karachi","24.8607","67.0011","2026-05-30T19:00","30.5","84","0.00","14.9","195","1000.8","1","34.2","21.1","280.0","13.6","5.3","54.0","70"
"Karachi","24.8607","67.0011","2026-05-30T20:00","30.1","86","0.00","12.5","205","1001.5","0","27.5","17.8","269.0","15.7","5.6","45.0","70"
"Karachi","24.8607","67.0011","2026-05-30T21:00","29.9","88","0.00","11.8","196","1002.4","7","25.8","16.5","252.0","15.8","5.7","42.0","70"
"Karachi","24.8607","67.0011","2026-05-30T22:00","29.8","88","0.00","11.9","200","1003.0","0","26.9","16.6","230.0","14.7","5.7","43.0","70"
"Karachi","24.8607","67.0011","2026-05-30T23:00","29.7","88","0.00","13.1","213","1003.4","5","27.7","16.8","207.0","13.2","5.5","44.0","70"
"Karachi","24.8607","67.0011","2026-05-31T00:00","29.4","90","0.00","13.4","212","1003.3","10","28.1","16.5","181.0","11.0","5.0","46.0","69"
"Karachi","24.8607","67.0011","2026-05-31T01:00","29.2","90","0.00","14.7","213","1003.3","13","28.3","16.3","154.0","8.3","4.4","48.0","69"
"Karachi","24.8607","67.0011","2026-05-31T02:00","29.1","89","0.00","14.6","212","1002.9","21","29.5","16.6","136.0","6.3","4.0","50.0","69"
"Karachi","24.8607","67.0011","2026-05-31T03:00","28.9","92","0.00","13.4","216","1002.7","10","31.1","17.3","129.0","5.5","3.9","50.0","69"
"Karachi","24.8607","67.0011","2026-05-31T04:00","28.7","92","0.00","12.5","224","1002.8","4","32.8","18.0","131.0","5.4","3.9","48.0","69"
"Karachi","24.8607","67.0011","2026-05-31T05:00","28.9","92","0.00","14.1","222","1002.7","11","33.3","18.3","141.0","5.9","4.4","49.0","70"
"Karachi","24.8607","67.0011","2026-05-31T06:00","28.8","92","0.00","11.8","234","1003.6","15","34.8","19.0","168.0","6.1","4.6","50.0","70"
"Karachi","24.8607","67.0011","2026-05-31T07:00","29.6","86","0.00","11.7","223","1004.4","27","38.6","20.4","203.0","6.3","4.9","52.0","70"
"Karachi","24.8607","67.0011","2026-05-31T08:00","30.5","80","0.00","13.4","220","1005.1","33","44.6","22.6","223.0","6.1","5.1","55.0","70"
"Karachi","24.8607","67.0011","2026-05-31T09:00","31.5","74","0.10","15.2","221","1005.6","64","47.3","23.3","211.0","5.3","5.1","61.0","70"
"Karachi","24.8607","67.0011","2026-05-31T10:00","32.1","71","0.20","16.6","221","1005.7","59","46.7","23.3","183.0","4.1","5.0","67.0","70"
"Karachi","24.8607","67.0011","2026-05-31T11:00","32.6","70","0.20","16.2","225","1006.2","52","44.8","22.5","162.0","3.2","4.9","73.0","70"
"Karachi","24.8607","67.0011","2026-05-31T12:00","33.0","67","0.20","15.9","225","1006.2","60","42.8","21.7","157.0","2.6","4.7","77.0","69"
"Karachi","24.8607","67.0011","2026-05-31T13:00","32.8","69","0.10","16.0","218","1005.9","54","40.5","20.4","160.0","2.3","4.5","79.0","68"
"Karachi","24.8607","67.0011","2026-05-31T14:00","32.8","69","0.10","16.1","213","1005.3","61","40.4","20.5","165.0","2.2","4.4","79.0","68"
"Karachi","24.8607","67.0011","2026-05-31T15:00","32.5","71","0.10","17.0","213","1004.5","58","38.1","19.2","173.0","2.5","4.4","76.0","67"
"Karachi","24.8607","67.0011","2026-05-31T16:00","32.0","73","0.10","16.9","216","1004.2","41","37.5","19.0","184.0","3.1","4.4","70.0","66"
"Karachi","24.8607","67.0011","2026-05-31T17:00","31.6","71","0.10","16.8","217","1004.0","41","49.9","23.4","190.0","4.1","4.6","65.0","66"
"Karachi","24.8607","67.0011","2026-05-31T18:00","30.9","73","0.00","16.0","214","1004.0","62","47.4","22.4","187.0","5.7","4.8","60.0","66"
"Karachi","24.8607","67.0011","2026-05-31T19:00","30.4","75","0.10","15.9","208","1004.5","61","42.8","21.0","179.0","7.9","5.1","52.0","66"
"Karachi","24.8607","67.0011","2026-05-31T20:00","30.1","77","0.10","14.3","207","1005.1","57","41.1","21.4","172.0","9.5","5.4","47.0","66"
"Karachi","24.8607","67.0011","2026-05-31T21:00","30.0","76","0.10","13.5","213","1005.9","49","39.5","21.4","168.0","10.1","5.6","46.0","66"
"Karachi","24.8607","67.0011","2026-05-31T22:00","29.9","76","0.20","12.5","217","1006.6","47","35.0","19.1","165.0","10.1","5.8","46.0","67"
"Karachi","24.8607","67.0011","2026-05-31T23:00","29.9","80","0.10","12.5","223","1006.5","24","33.6","18.2","159.0","9.9","5.8","47.0","67"
"Karachi","24.8607","67.0011","2026-06-01T00:00","29.5","83","0.00","10.2","228","1006.3","12","33.6","18.1","147.0","9.4","5.6","47.0","67"
"Karachi","24.8607","67.0011","2026-06-01T01:00","29.2","84","0.00","10.1","229","1006.0","14","41.4","21.1","133.0","8.6","5.2","48.0","67"
"Karachi","24.8607","67.0011","2026-06-01T02:00","29.1","85","0.00","10.8","234","1005.3","12","39.1","20.1","124.0","8.0","5.0","48.0","68"
"Karachi","24.8607","67.0011","2026-06-01T03:00","29.0","85","0.00","11.2","242","1005.1","15","39.8","20.1","117.0","7.8","5.0","47.0","68"
"Karachi","24.8607","67.0011","2026-06-01T04:00","28.9","85","0.00","9.9","255","1005.0","18","38.5","19.4","115.0","7.8","5.1","46.0","68"
"Karachi","24.8607","67.0011","2026-06-01T05:00","28.6","86","0.00","6.6","261","1004.9","23","40.9","18.9","130.0","5.9","5.0","55.0","68"
"Karachi","24.8607","67.0011","2026-06-01T06:00","28.6","86","0.00","7.0","252","1005.6","15","40.4","19.4","183.0","7.0","5.6","56.0","68"
"Karachi","24.8607","67.0011","2026-06-01T07:00","29.5","81","0.00","8.0","262","1006.2","14","55.5","23.3","253.0","8.5","6.5","59.0","69"
"Karachi","24.8607","67.0011","2026-06-01T08:00","30.8","74","0.00","9.0","254","1006.6","18","59.4","24.3","296.0","9.1","7.1","64.0","69"
"Karachi","24.8607","67.0011","2026-06-01T09:00","31.8","68","0.00","10.8","240","1006.9","40","63.6","25.6","283.0","7.9","7.2","76.0","69"
"Karachi","24.8607","67.0011","2026-06-01T10:00","32.3","65","0.00","12.5","233","1007.1","84","66.4","27.2","242.0","5.8","7.0","91.0","69"
"Karachi","24.8607","67.0011","2026-06-01T11:00","33.0","62","0.00","11.8","239","1007.5","90","67.5","28.1","210.0","4.1","6.8","101.0","69"
"Karachi","24.8607","67.0011","2026-06-01T12:00","33.0","61","0.00","12.4","239","1007.3","57","65.2","27.9","201.0","3.4","6.5","104.0","70"
"Karachi","24.8607","67.0011","2026-06-01T13:00","32.9","64","0.00","14.1","228","1006.7","9","62.4","27.1","202.0","3.1","6.0","102.0","71"
"Karachi","24.8607","67.0011","2026-06-01T14:00","32.7","65","0.00","14.8","224","1006.1","2","57.6","25.9","207.0","3.2","5.7","97.0","71"
"Karachi","24.8607","67.0011","2026-06-01T15:00","32.1","68","0.00","14.7","220","1005.2","16","53.0","24.7","219.0","3.8","5.5","89.0","72"
"Karachi","24.8607","67.0011","2026-06-01T16:00","31.8","70","0.00","14.4","222","1004.9","27","47.4","23.2","236.0","4.8","5.4","78.0","72"
"Karachi","24.8607","67.0011","2026-06-01T17:00","32.2","66","0.00","13.8","227","1004.4","36","79.2","34.7","245.0","6.3","5.8","75.0","72"
"Karachi","24.8607","67.0011","2026-06-01T18:00","31.5","67","0.00","13.2","230","1004.4","55","76.1","33.3","238.0","8.1","5.9","66.0","73"
"Karachi","24.8607","67.0011","2026-06-01T19:00","31.0","69","0.00","14.3","230","1004.5","14","73.6","32.0","224.0","10.6","6.0","54.0","74"
"Karachi","24.8607","67.0011","2026-06-01T20:00","30.3","73","0.00","14.0","229","1004.6","2","69.8","31.1","212.0","12.7","6.1","44.0","75"
"Karachi","24.8607","67.0011","2026-06-01T21:00","30.1","75","0.00","12.1","245","1005.7","42","63.8","29.9","209.0","14.0","6.3","40.0","76"
"Karachi","24.8607","67.0011","2026-06-01T22:00","30.1","76","0.00","7.7","258","1007.0","45","59.3","28.9","208.0","15.0","6.4","39.0","77"
"Karachi","24.8607","67.0011","2026-06-01T23:00","30.1","75","0.00","5.8","279","1006.4","23","52.5","25.4","202.0","15.7","6.6","38.0","78"
"Karachi","24.8607","67.0011","2026-06-02T00:00","29.6","79","0.00","9.0","240","1005.8","2","51.9","25.1","183.0","16.2","6.7","36.0","79"
"Karachi","24.8607","67.0011","2026-06-02T01:00","29.2","81","0.00","16.1","234","1004.3","2","49.6","25.2","158.0","16.5","6.8","33.0","79"
"Karachi","24.8607","67.0011","2026-06-02T02:00","29.1","82","0.00","6.3","92","1006.4","90","46.7","24.8","143.0","16.2","6.9","32.0","80"
"Karachi","24.8607","67.0011","2026-06-02T03:00","29.3","81","0.00","6.0","207","1005.6","17","47.0","24.6","142.0","15.1","6.9","33.0","80"
"Karachi","24.8607","67.0011","2026-06-02T04:00","29.0","83","0.00","6.7","204","1005.8","83","46.6","24.0","150.0","13.5","6.8","35.0","80"
"Karachi","24.8607","67.0011","2026-06-02T05:00","29.1","82","0.00","10.9","142","1006.2","8","42.0","24.2","171.0","21.1","9.6","27.0","81"
"Karachi","24.8607","67.0011","2026-06-02T06:00","29.1","82","0.00","9.9","155","1006.7","30","49.5","25.6","218.0","17.9","9.4","34.0","81"
"Karachi","24.8607","67.0011","2026-06-02T07:00","29.9","77","0.00","11.1","171","1007.0","21","57.5","26.2","277.0","13.5","9.1","44.0","82"
"Karachi","24.8607","67.0011","2026-06-02T08:00","30.6","73","0.00","13.5","196","1007.1","50","62.6","27.5","311.0","9.7","8.8","55.0","82"
"Karachi","24.8607","67.0011","2026-06-02T09:00","31.1","70","0.00","13.8","220","1007.2","45","65.2","28.1","293.0","7.3","8.3","67.0","82"
"Karachi","24.8607","67.0011","2026-06-02T10:00","32.2","65","0.00","12.6","227","1007.2","55","69.2","28.9","249.0","5.7","7.7","80.0","83"
"Karachi","24.8607","67.0011","2026-06-02T11:00","33.0","59","0.00","9.1","229","1007.8","39","72.6","29.6","221.0","4.5","7.3","93.0","83"
"Karachi","24.8607","67.0011","2026-06-02T12:00","33.5","56","0.00","8.6","217","1007.2","11","75.9","31.0","225.0","3.8","7.4","106.0","83"
"Karachi","24.8607","67.0011","2026-06-02T13:00","34.2","55","0.00","9.3","207","1006.3","2","74.5","31.7","244.0","3.6","7.7","119.0","83"
"Karachi","24.8607","67.0011","2026-06-02T14:00","33.9","58","0.00","12.2","193","1005.4","0","74.0","32.2","267.0","4.0","8.1","125.0","83"
"Karachi","24.8607","67.0011","2026-06-02T15:00","33.0","60","0.00","12.8","191","1004.4","0","73.1","32.5","297.0","4.9","8.4","123.0","84"
"Karachi","24.8607","67.0011","2026-06-02T16:00","32.7","61","0.00","11.2","190","1004.0","0","71.9","32.1","332.0","6.3","8.7","115.0","85"
"Karachi","24.8607","67.0011","2026-06-02T17:00","31.9","67","0.00","14.0","189","1003.5","2","110.1","45.2","349.0","8.3","10.1","107.0","86"
"Karachi","24.8607","67.0011","2026-06-02T18:00","30.6","75","0.00","15.1","181","1003.5","1","102.7","42.4","336.0","11.1","9.6","90.0","86"
"Karachi","24.8607","67.0011","2026-06-02T19:00","30.1","77","0.00","10.5","186","1004.5","5","95.9","40.0","306.0","15.0","8.9","66.0","87"
"Karachi","24.8607","67.0011","2026-06-02T20:00","29.8","78","0.00","12.4","193","1004.7","4","91.5","38.4","279.0","17.7","8.3","49.0","88"
"Karachi","24.8607","67.0011","2026-06-02T21:00","29.5","80","0.00","12.2","211","1005.0","7","84.3","35.0","263.0","18.0","7.8","44.0","89"
"Karachi","24.8607","67.0011","2026-06-02T22:00","29.4","81","0.00","11.4","218","1005.1","21","72.2","31.2","249.0","17.1","7.5","44.0","89"
"Karachi","24.8607","67.0011","2026-06-02T23:00","29.0","81","0.00","11.6","219","1004.4","8","68.0","29.3","231.0","16.3","7.2","45.0","89"
"Karachi","24.8607","67.0011","2026-06-03T00:00","28.8","80","0.00","8.8","266","1005.1","13","65.9","28.3","200.0","16.0","7.1","43.0","90"
"Karachi","24.8607","67.0011","2026-06-03T01:00","28.5","80","0.00","6.9","293","1005.3","9","60.1","26.8","165.0","15.9","7.2","41.0","90"
"Karachi","24.8607","67.0011","2026-06-03T02:00","28.3","80","0.00","4.5","304","1005.1","35","57.7","25.5","147.0","15.7","7.3","39.0","90"
"Karachi","24.8607","67.0011","2026-06-03T03:00","28.1","82","0.00","2.3","321","1004.8","8","55.3","24.0","156.0","15.6","7.3","36.0","90"
"Karachi","24.8607","67.0011","2026-06-03T04:00","28.0","83","0.00","4.1","135","1004.3","0","51.9","22.9","183.0","15.6","7.3","32.0","90"
"Karachi","24.8607","67.0011","2026-06-03T05:00","27.9","81","0.00","2.8","195","1003.7","2","75.0","32.8","219.0","19.2","9.7","34.0","90"
"Karachi","24.8607","67.0011","2026-06-03T06:00","27.6","83","0.00","4.0","249","1004.0","9","78.7","34.3","276.0","18.1","10.8","39.0","91"
"Karachi","24.8607","67.0011","2026-06-03T07:00","28.4","79","0.00","8.2","296","1005.0","23","86.4","34.8","344.0","16.5","12.2","46.0","91"
"Karachi","24.8607","67.0011","2026-06-03T08:00","29.5","73","0.00","3.6","252","1004.9","6","91.0","33.9","380.0","14.4","12.9","56.0","92"
"Karachi","24.8607","67.0011","2026-06-03T09:00","30.8","68","0.00","6.8","182","1005.0","1","88.7","32.7","359.0","11.4","12.4","71.0","93"
"Karachi","24.8607","67.0011","2026-06-03T10:00","31.2","67","0.00","11.7","179","1005.0","1","85.0","31.8","307.0","8.0","11.1","87.0","93"
"Karachi","24.8607","67.0011","2026-06-03T11:00","32.3","60","0.00","10.1","182","1005.2","0","80.6","31.0","263.0","5.3","9.8","99.0","93"
"Karachi","24.8607","67.0011","2026-06-03T12:00","32.5","61","0.00","11.2","185","1004.9","0","75.7","29.5","241.0","3.9","8.5","102.0","94"
"Karachi","24.8607","67.0011","2026-06-03T13:00","32.8","63","0.00","11.8","188","1004.5","2","71.9","28.0","227.0","3.3","7.1","99.0","93"
"Karachi","24.8607","67.0011","2026-06-03T14:00","33.0","63","0.00","13.1","201","1003.7","28","65.2","25.9","222.0","3.3","6.1","94.0","93"
"Karachi","24.8607","67.0011","2026-06-03T15:00","32.7","65","0.00","14.4","211","1002.9","33","61.7","25.0","233.0","3.9","5.8","87.0","93"
"Karachi","24.8607","67.0011","2026-06-03T16:00","32.2","67","0.00","14.5","219","1002.3","36","61.0","24.9","253.0","5.1","5.9","78.0","92"
"Karachi","24.8607","67.0011","2026-06-03T17:00","32.3","62","0.00","13.3","213","1002.3","8","77.3","30.6","266.0","7.1","6.6","75.0","91"
"Karachi","24.8607","67.0011","2026-06-03T18:00","31.0","68","0.00","15.0","212","1001.9","2","75.0","30.3","266.0","9.6","6.8","66.0","90"
"Karachi","24.8607","67.0011","2026-06-03T19:00","30.1","72","0.00","16.1","213","1001.7","2","71.7","30.0","260.0","12.9","7.2","54.0","89"
"Karachi","24.8607","67.0011","2026-06-03T20:00","29.8","76","0.00","14.0","217","1001.8","2","72.4","30.4","249.0","15.1","7.3","46.0","88"
"Karachi","24.8607","67.0011","2026-06-03T21:00","29.8","77","0.00","10.9","216","1002.1","5","71.2","30.0","232.0","15.1","7.0","45.0","87"
"Karachi","24.8607","67.0011","2026-06-03T22:00","29.8","77","0.00","9.7","231","1002.9","17","69.4","30.2","209.0","13.9","6.6","47.0","87"
"Karachi","24.8607","67.0011","2026-06-03T23:00","29.9","77","0.00","11.3","243","1003.1","23","75.7","31.7","190.0","12.6","6.2","49.0","87"
"Karachi","24.8607","67.0011","2026-06-04T00:00","29.5","80","0.00","11.5","250","1002.7","30","83.8","33.3","175.0","11.4","6.0","51.0","87"
"Karachi","24.8607","67.0011","2026-06-04T01:00","29.5","80","0.00","11.1","258","1002.6","26","89.6","35.5","163.0","10.0","5.9","53.0","87"
"Karachi","24.8607","67.0011","2026-06-04T02:00","29.3","82","0.00","10.5","248","1001.8","23","89.4","35.0","155.0","8.9","5.9","55.0","88"
"Karachi","24.8607","67.0011","2026-06-04T03:00","29.2","82","0.00","9.1","240","1001.5","11","84.1","32.9","146.0","8.3","5.9","56.0","89"
"Karachi","24.8607","67.0011","2026-06-04T04:00","29.0","82","0.00","9.6","240","1001.2","16","78.0","30.9","141.0","7.9","5.9","56.0","90"
"Karachi","24.8607","67.0011","2026-06-04T05:00","29.4","82","0.00","11.1","227","1001.4","52","77.5","31.2","151.0","8.5","6.2","57.0","91"
"Karachi","24.8607","67.0011","2026-06-04T06:00","29.3","82","0.00","11.4","232","1001.9","36","76.8","30.9","193.0","8.6","6.2","60.0","90"
"Karachi","24.8607","67.0011","2026-06-04T07:00","29.8","80","0.00","12.3","238","1002.4","24","91.7","33.6","249.0","8.7","6.3","65.0","90"
"Karachi","24.8607","67.0011","2026-06-04T08:00","30.6","75","0.00","13.6","238","1002.8","45","90.1","33.6","283.0","8.4","6.3","71.0","90"
"Karachi","24.8607","67.0011","2026-06-04T09:00","31.3","71","0.00","13.8","235","1003.1","70","87.8","32.9","270.0","7.2","6.2","78.0","90"
"Karachi","24.8607","67.0011","2026-06-04T10:00","32.0","68","0.10","15.3","238","1003.4","75","88.2","32.7","233.0","5.7","6.0","85.0","90"
"Karachi","24.8607","67.0011","2026-06-04T11:00","32.7","65","0.10","15.2","240","1003.6","100","85.4","31.7","206.0","4.4","5.8","91.0","90"
"Karachi","24.8607","67.0011","2026-06-04T12:00","32.4","67","0.00","15.4","237","1003.3","98","83.4","30.7","202.0","3.7","5.6","94.0","90"
"Karachi","24.8607","67.0011","2026-06-04T13:00","32.7","66","0.00","14.9","239","1002.8","97","81.3","29.9","207.0","3.2","5.4","96.0","90"
"Karachi","24.8607","67.0011","2026-06-04T14:00","32.8","64","0.00","15.8","233","1001.8","51","78.2","29.3","216.0","3.3","5.2","95.0","90"
"Karachi","24.8607","67.0011","2026-06-04T15:00","32.4","67","0.00","16.6","230","1001.1","15","71.9","27.8","231.0","4.0","5.2","90.0","91"
"Karachi","24.8607","67.0011","2026-06-04T16:00","32.0","70","0.00","16.6","230","1000.4","2","69.4","27.1","251.0","5.2","5.2","82.0","91"
"Karachi","24.8607","67.0011","2026-06-04T17:00","31.5","71","0.00","16.8","222","999.7","8","114.8","43.0","261.0","7.3","5.6","77.0","91"
"Karachi","24.8607","67.0011","2026-06-04T18:00","30.6","75","0.00","16.6","222","999.6","5","102.7","40.5","254.0","9.1","5.6","69.0","92"
"Karachi","24.8607","67.0011","2026-06-04T19:00","30.2","76","0.00","14.6","237","1000.3","47","91.7","38.4","237.0","11.7","5.7","58.0","93"
"Karachi","24.8607","67.0011","2026-06-04T20:00","30.1","77","0.00","14.7","239","1000.7","40","78.9","32.9","223.0","13.7","5.8","50.0","94"
"Karachi","24.8607","67.0011","2026-06-04T21:00","30.0","78","0.00","14.3","246","1001.3","37","70.8","30.9","218.0","15.0","6.1","46.0","94"
"Karachi","24.8607","67.0011","2026-06-04T22:00","29.8","80","0.00","13.9","246","1001.6","27","69.6","30.6","215.0","15.8","6.5","44.0","94"
"Karachi","24.8607","67.0011","2026-06-04T23:00","29.7","82","0.00","13.1","247","1001.4","24","68.7","30.7","208.0","15.7","6.6","44.0","94"
"Karachi","24.8607","67.0011","2026-06-05T00:00","29.4","84","0.00","12.2","246","1001.2","21","66.1","29.7","189.0","14.1","6.3","45.0","94"
"Karachi","24.8607","67.0011","2026-06-05T01:00","29.1","85","0.00","11.8","253","1001.1","30","63.8","28.7","165.0","11.6","5.7","48.0","94"
"Karachi","24.8607","67.0011","2026-06-05T02:00","29.0","86","0.00","10.8","259","1000.7","31","60.1","27.0","149.0","9.5","5.3","51.0","93"
"Karachi","24.8607","67.0011","2026-06-05T03:00","28.9","86","0.00","10.9","262","1000.7","22","59.6","26.1","143.0","8.2","5.2","53.0","93"
"Karachi","24.8607","67.0011","2026-06-05T04:00","28.7","87","0.00","11.8","261","1000.5","17","60.1","25.7","144.0","7.2","5.3","54.0","92"
"Karachi","24.8607","67.0011","2026-06-05T05:00","28.9","88","0.00","12.1","263","1000.2","15","63.8","27.1","159.0","6.8","5.3","57.0","91"
"Karachi","24.8607","67.0011","2026-06-05T06:00","28.8","89","0.00","11.1","263","1000.8","24","72.9","28.9","201.0","7.5","5.6","59.0","91"
"Karachi","24.8607","67.0011","2026-06-05T07:00","29.6","84","0.00","12.0","257","1001.5","25","90.6","31.4","257.0","8.5","6.0","62.0","91"
"Karachi","24.8607","67.0011","2026-06-05T08:00","30.7","77","0.00","12.4","257","1002.2","41","114.1","35.7","290.0","8.7","6.3","68.0","91"
"Karachi","24.8607","67.0011","2026-06-05T09:00","31.8","71","0.00","13.0","252","1002.5","38","128.1","38.5","278.0","7.5","6.6","80.0","91"
"Karachi","24.8607","67.0011","2026-06-05T10:00","32.8","66","0.00","12.5","247","1002.8","76","132.7","39.9","244.0","5.7","6.8","95.0","91"
"Karachi","24.8607","67.0011","2026-06-05T11:00","33.2","64","0.00","12.9","237","1003.1","95","134.6","40.6","219.0","4.2","6.9","106.0","92"
"Karachi","24.8607","67.0011","2026-06-05T12:00","33.2","65","0.00","14.2","230","1003.2","96","125.7","39.3","213.0","3.5","6.7","111.0","93"
"Karachi","24.8607","67.0011","2026-06-05T13:00","33.2","65","0.00","15.1","225","1002.7","98","112.0","37.0","216.0","3.2","6.3","112.0","94"
"Karachi","24.8607","67.0011","2026-06-05T14:00","33.0","66","0.00","15.2","224","1002.0","25","100.4","34.2","225.0","3.5","6.0","110.0","94"
"Karachi","24.8607","67.0011","2026-06-05T15:00","32.9","66","0.00","15.4","224","1001.3","8","92.9","32.5","245.0","4.3","5.9","104.0","95"
"Karachi","24.8607","67.0011","2026-06-05T16:00","32.3","68","0.00","14.7","229","1000.9","10","88.0","31.2","271.0","5.6","5.9","96.0","95"
"Karachi","24.8607","67.0011","2026-06-05T17:00","32.2","67","0.00","13.0","235","1000.8","7","106.6","36.8","288.0","7.6","6.4","89.0","95"
"Karachi","24.8607","67.0011","2026-06-05T18:00","31.0","74","0.00","13.4","224","1000.7","6","90.8","33.1","287.0","9.8","6.5","79.0","95"
"Karachi","24.8607","67.0011","2026-06-05T19:00","30.0","78","0.00","12.7","218","1001.0","5","75.0","29.9","276.0","12.8","6.6","66.0","94"
"Karachi","24.8607","67.0011","2026-06-05T20:00","29.6","80","0.00","12.7","219","1001.1","48","59.5","26.2","267.0","15.3","6.7","55.0","93"
"Karachi","24.8607","67.0011","2026-06-05T21:00","29.8","78","0.00","10.2","225","1001.9","72","54.6","24.0","267.0","16.7","6.9","50.0","93"
"Karachi","24.8607","67.0011","2026-06-05T22:00","29.8","78","0.00","8.9","242","1002.9","77","49.1","23.3","269.0","17.5","7.0","47.0","92"
"Karachi","24.8607","67.0011","2026-06-05T23:00","29.6","80","0.00","8.4","245","1003.2","18","51.0","24.1","261.0","17.6","7.1","46.0","92"
"Karachi","24.8607","67.0011","2026-06-06T00:00","29.1","83","0.00","8.7","240","1003.0","15","51.2","24.4","232.0","16.6","7.0","46.0","91"
"Karachi","24.8607","67.0011","2026-06-06T01:00","29.0","83","0.00","8.6","237","1002.8","8","52.0","24.1","193.0","14.8","6.8","47.0","91"
"Karachi","24.8607","67.0011","2026-06-06T02:00","28.8","84","0.00","9.9","233","1002.1","14","55.4","23.7","164.0","13.0","6.6","48.0","90"
"Karachi","24.8607","67.0011","2026-06-06T03:00","28.6","85","0.00","10.4","236","1001.9","12","57.2","23.3","151.0","11.4","6.4","49.0","90"
"Karachi","24.8607","67.0011","2026-06-06T04:00","28.5","85","0.00","10.6","246","1002.1","14","56.7","22.8","148.0","9.7","6.2","49.0","90"
"Karachi","24.8607","67.0011","2026-06-06T05:00","28.6","87","0.00","11.1","254","1002.1","26","56.8","22.8","159.0","8.3","5.8","53.0","89"
"Karachi","24.8607","67.0011","2026-06-06T06:00","28.6","87","0.00","11.7","261","1002.6","31","64.5","24.2","196.0","8.5","5.9","56.0","89"
"Karachi","24.8607","67.0011","2026-06-06T07:00","29.1","82","0.00","12.4","270","1003.2","20","80.3","26.3","246.0","8.6","5.9","60.0","89"
"Karachi","24.8607","67.0011","2026-06-06T08:00","30.4","74","0.00","11.9","273","1003.8","16","88.5","28.8","276.0","8.3","6.0","66.0","88"
"Karachi","24.8607","67.0011","2026-06-06T09:00","31.5","67","0.00","11.6","263","1004.1","20","96.9","31.5","264.0","7.0","6.1","78.0","88"
"Karachi","24.8607","67.0011","2026-06-06T10:00","32.4","64","0.00","13.2","248","1004.2","25","89.9","30.4","232.0","5.3","6.2","91.0","87"
"Karachi","24.8607","67.0011","2026-06-06T11:00","33.2","61","0.00","14.8","239","1004.6","42","85.0","29.8","208.0","3.9","6.1","101.0","86"
"Karachi","24.8607","67.0011","2026-06-06T12:00","33.2","62","0.00","15.7","239","1004.4","32","77.1","27.9","202.0","3.3","5.8","103.0","85"
"Karachi","24.8607","67.0011","2026-06-06T13:00","33.3","63","0.00","16.3","237","1003.8","29","70.3","25.8","203.0","3.0","5.3","100.0","84"
"Karachi","24.8607","67.0011","2026-06-06T14:00","33.3","64","0.00","16.9","234","1003.2","38","65.9","24.4","210.0","3.2","5.0","96.0","83"
"Karachi","24.8607","67.0011","2026-06-06T15:00","32.8","66","0.00","16.7","233","1002.8","17","61.7","23.5","227.0","3.9","4.9","90.0","82"
"Karachi","24.8607","67.0011","2026-06-06T16:00","32.5","67","0.00","16.2","233","1002.5","3","59.5","22.8","249.0","5.0","4.9","81.0","81"
"Karachi","24.8607","67.0011","2026-06-06T17:00","32.0","69","0.00","15.2","235","1002.3","9","75.9","27.4","260.0","6.4","4.8","73.0","81"
"Karachi","24.8607","67.0011","2026-06-06T18:00","31.3","71","0.00","15.7","231","1002.4","30","80.3","28.9","251.0","7.9","4.9","67.0","80"
"Karachi","24.8607","67.0011","2026-06-06T19:00","30.8","72","0.00","16.9","226","1002.6","48","66.1","24.1","232.0","9.9","4.9","58.0","79"
"Karachi","24.8607","67.0011","2026-06-06T20:00","30.1","77","0.00","18.2","221","1002.7","5","62.4","23.1","215.0","11.3","5.0","52.0","79"
"Karachi","24.8607","67.0011","2026-06-06T21:00","30.0","78","0.00","14.4","244","1003.8","37","57.6","21.8","207.0","11.7","5.1","50.0","79"
"Karachi","24.8607","67.0011","2026-06-06T22:00","29.9","78","0.00","13.6","255","1004.7","49","51.6","18.9","201.0","11.6","5.1","50.0","78"
"Karachi","24.8607","67.0011","2026-06-06T23:00","29.7","80","0.00","13.1","257","1004.8","9","51.1","18.4","191.0","11.1","5.1","51.0","78"
